layout,task,demo_index,demo_key,steps,success_criterion,source_pkl
1,bowl_on_plate,0,demo_0,211,saved_final_success_or_saved_final_action_success,bowl_on_plate_1.pkl
1,bowl_on_plate,2,demo_2,230,saved_final_success_or_saved_final_action_success,bowl_on_plate_1.pkl
1,bowl_on_plate,3,demo_3,220,saved_final_success_or_saved_final_action_success,bowl_on_plate_1.pkl
1,bowl_on_plate,4,demo_4,200,saved_final_success_or_saved_final_action_success,bowl_on_plate_1.pkl
1,bowl_on_plate,5,demo_5,193,saved_final_success_or_saved_final_action_success,bowl_on_plate_1.pkl
1,bowl_on_plate,6,demo_6,221,saved_final_success_or_saved_final_action_success,bowl_on_plate_1.pkl
1,bowl_on_plate,8,demo_8,209,saved_final_success_or_saved_final_action_success,bowl_on_plate_1.pkl
1,bowl_on_plate,9,demo_9,215,saved_final_success_or_saved_final_action_success,bowl_on_plate_1.pkl
1,bowl_on_plate,10,demo_10,209,saved_final_success_or_saved_final_action_success,bowl_on_plate_1.pkl
1,bowl_on_plate,11,demo_11,211,saved_final_success_or_saved_final_action_success,bowl_on_plate_1.pkl
1,bowl_on_plate,12,demo_12,200,saved_final_success_or_saved_final_action_success,bowl_on_plate_1.pkl
1,bowl_on_plate,14,demo_14,225,saved_final_success_or_saved_final_action_success,bowl_on_plate_1.pkl
1,bowl_on_plate,15,demo_15,202,saved_final_success_or_saved_final_action_success,bowl_on_plate_1.pkl
1,bowl_on_plate,16,demo_16,199,saved_final_success_or_saved_final_action_success,bowl_on_plate_1.pkl
1,bowl_on_plate,17,demo_17,199,saved_final_success_or_saved_final_action_success,bowl_on_plate_1.pkl
1,bowl_on_plate,18,demo_18,200,saved_final_success_or_saved_final_action_success,bowl_on_plate_1.pkl
1,bowl_on_plate,19,demo_19,217,saved_final_success_or_saved_final_action_success,bowl_on_plate_1.pkl
1,bowl_on_plate,20,demo_20,192,saved_final_success_or_saved_final_action_success,bowl_on_plate_1.pkl
1,bowl_on_plate,21,demo_21,214,saved_final_success_or_saved_final_action_success,bowl_on_plate_1.pkl
1,bowl_on_plate,23,demo_23,219,saved_final_success_or_saved_final_action_success,bowl_on_plate_1.pkl
1,bowl_on_plate,24,demo_24,203,saved_final_success_or_saved_final_action_success,bowl_on_plate_1.pkl
1,bowl_on_plate,25,demo_25,194,saved_final_success_or_saved_final_action_success,bowl_on_plate_1.pkl
1,bowl_on_plate,26,demo_26,213,saved_final_success_or_saved_final_action_success,bowl_on_plate_1.pkl
1,bowl_on_plate,27,demo_27,209,saved_final_success_or_saved_final_action_success,bowl_on_plate_1.pkl
1,bowl_on_plate,30,demo_30,206,saved_final_success_or_saved_final_action_success,bowl_on_plate_1.pkl
1,bowl_on_plate,32,demo_32,189,saved_final_success_or_saved_final_action_success,bowl_on_plate_1.pkl
1,bowl_on_plate,33,demo_33,197,saved_final_success_or_saved_final_action_success,bowl_on_plate_1.pkl
1,bowl_on_plate,34,demo_34,192,saved_final_success_or_saved_final_action_success,bowl_on_plate_1.pkl
1,bowl_on_plate,37,demo_37,200,saved_final_success_or_saved_final_action_success,bowl_on_plate_1.pkl
1,bowl_on_plate,38,demo_38,197,saved_final_success_or_saved_final_action_success,bowl_on_plate_1.pkl
1,bowl_on_plate,40,demo_40,204,saved_final_success_or_saved_final_action_success,bowl_on_plate_1.pkl
1,bowl_on_plate,41,demo_41,212,saved_final_success_or_saved_final_action_success,bowl_on_plate_1.pkl
1,bowl_on_plate,42,demo_42,213,saved_final_success_or_saved_final_action_success,bowl_on_plate_1.pkl
1,bowl_on_plate,43,demo_43,202,saved_final_success_or_saved_final_action_success,bowl_on_plate_1.pkl
1,bowl_on_plate,44,demo_44,209,saved_final_success_or_saved_final_action_success,bowl_on_plate_1.pkl
1,bowl_on_plate,45,demo_45,193,saved_final_success_or_saved_final_action_success,bowl_on_plate_1.pkl
1,bowl_on_plate,46,demo_46,204,saved_final_success_or_saved_final_action_success,bowl_on_plate_1.pkl
1,bowl_on_plate,49,demo_49,194,saved_final_success_or_saved_final_action_success,bowl_on_plate_1.pkl
1,bowl_on_plate,50,demo_50,195,saved_final_success_or_saved_final_action_success,bowl_on_plate_1.pkl
1,bowl_on_plate,52,demo_52,219,saved_final_success_or_saved_final_action_success,bowl_on_plate_1.pkl
1,bowl_on_plate,53,demo_53,225,saved_final_success_or_saved_final_action_success,bowl_on_plate_1.pkl
1,bowl_on_plate,54,demo_54,207,saved_final_success_or_saved_final_action_success,bowl_on_plate_1.pkl
1,bowl_on_plate,56,demo_56,217,saved_final_success_or_saved_final_action_success,bowl_on_plate_1.pkl
1,bowl_on_plate,58,demo_58,210,saved_final_success_or_saved_final_action_success,bowl_on_plate_1.pkl
1,bowl_on_plate,59,demo_59,222,saved_final_success_or_saved_final_action_success,bowl_on_plate_1.pkl
1,bowl_on_plate,60,demo_60,200,saved_final_success_or_saved_final_action_success,bowl_on_plate_1.pkl
1,bowl_on_plate,61,demo_61,211,saved_final_success_or_saved_final_action_success,bowl_on_plate_1.pkl
1,bowl_on_plate,63,demo_63,209,saved_final_success_or_saved_final_action_success,bowl_on_plate_1.pkl
1,bowl_on_plate,64,demo_64,222,saved_final_success_or_saved_final_action_success,bowl_on_plate_1.pkl
1,bowl_on_plate,65,demo_65,208,saved_final_success_or_saved_final_action_success,bowl_on_plate_1.pkl
1,bowl_on_plate,66,demo_66,216,saved_final_success_or_saved_final_action_success,bowl_on_plate_1.pkl
1,bowl_on_plate,67,demo_67,220,saved_final_success_or_saved_final_action_success,bowl_on_plate_1.pkl
1,bowl_on_plate,68,demo_68,199,saved_final_success_or_saved_final_action_success,bowl_on_plate_1.pkl
1,bowl_on_plate,69,demo_69,194,saved_final_success_or_saved_final_action_success,bowl_on_plate_1.pkl
1,bowl_on_plate,70,demo_70,200,saved_final_success_or_saved_final_action_success,bowl_on_plate_1.pkl
1,bowl_on_plate,71,demo_71,209,saved_final_success_or_saved_final_action_success,bowl_on_plate_1.pkl
1,bowl_on_plate,72,demo_72,218,saved_final_success_or_saved_final_action_success,bowl_on_plate_1.pkl
1,bowl_on_plate,73,demo_73,214,saved_final_success_or_saved_final_action_success,bowl_on_plate_1.pkl
1,bowl_on_plate,74,demo_74,210,saved_final_success_or_saved_final_action_success,bowl_on_plate_1.pkl
1,bowl_on_plate,75,demo_75,203,saved_final_success_or_saved_final_action_success,bowl_on_plate_1.pkl
1,bowl_on_plate,76,demo_76,224,saved_final_success_or_saved_final_action_success,bowl_on_plate_1.pkl
1,bowl_on_plate,78,demo_78,222,saved_final_success_or_saved_final_action_success,bowl_on_plate_1.pkl
1,bowl_on_plate,80,demo_80,194,saved_final_success_or_saved_final_action_success,bowl_on_plate_1.pkl
1,bowl_on_plate,81,demo_81,221,saved_final_success_or_saved_final_action_success,bowl_on_plate_1.pkl
1,bowl_on_plate,82,demo_82,194,saved_final_success_or_saved_final_action_success,bowl_on_plate_1.pkl
1,bowl_on_plate,83,demo_83,214,saved_final_success_or_saved_final_action_success,bowl_on_plate_1.pkl
1,bowl_on_plate,84,demo_84,219,saved_final_success_or_saved_final_action_success,bowl_on_plate_1.pkl
1,bowl_on_plate,86,demo_86,205,saved_final_success_or_saved_final_action_success,bowl_on_plate_1.pkl
1,bowl_on_plate,87,demo_87,206,saved_final_success_or_saved_final_action_success,bowl_on_plate_1.pkl
1,bowl_on_plate,88,demo_88,200,saved_final_success_or_saved_final_action_success,bowl_on_plate_1.pkl
1,bowl_on_plate,89,demo_89,218,saved_final_success_or_saved_final_action_success,bowl_on_plate_1.pkl
1,bowl_on_plate,91,demo_91,200,saved_final_success_or_saved_final_action_success,bowl_on_plate_1.pkl
1,bowl_on_plate,92,demo_92,209,saved_final_success_or_saved_final_action_success,bowl_on_plate_1.pkl
1,bowl_on_plate,93,demo_93,194,saved_final_success_or_saved_final_action_success,bowl_on_plate_1.pkl
1,bowl_on_plate,94,demo_94,219,saved_final_success_or_saved_final_action_success,bowl_on_plate_1.pkl
1,bowl_on_plate,95,demo_95,205,saved_final_success_or_saved_final_action_success,bowl_on_plate_1.pkl
1,bowl_on_plate,96,demo_96,212,saved_final_success_or_saved_final_action_success,bowl_on_plate_1.pkl
1,bowl_on_plate,98,demo_98,199,saved_final_success_or_saved_final_action_success,bowl_on_plate_1.pkl
1,bowl_on_plate,99,demo_99,200,saved_final_success_or_saved_final_action_success,bowl_on_plate_1.pkl
1,bowl_on_plate,100,demo_100,196,saved_final_success_or_saved_final_action_success,bowl_on_plate_1.pkl
1,bowl_on_plate,101,demo_101,218,saved_final_success_or_saved_final_action_success,bowl_on_plate_1.pkl
1,bowl_on_plate,102,demo_102,212,saved_final_success_or_saved_final_action_success,bowl_on_plate_1.pkl
1,bowl_on_plate,103,demo_103,222,saved_final_success_or_saved_final_action_success,bowl_on_plate_1.pkl
1,bowl_on_plate,105,demo_105,199,saved_final_success_or_saved_final_action_success,bowl_on_plate_1.pkl
1,bowl_on_plate,106,demo_106,209,saved_final_success_or_saved_final_action_success,bowl_on_plate_1.pkl
1,bowl_on_plate,107,demo_107,199,saved_final_success_or_saved_final_action_success,bowl_on_plate_1.pkl
1,bowl_on_plate,108,demo_108,209,saved_final_success_or_saved_final_action_success,bowl_on_plate_1.pkl
1,bowl_on_plate,110,demo_110,207,saved_final_success_or_saved_final_action_success,bowl_on_plate_1.pkl
1,bowl_on_plate,111,demo_111,214,saved_final_success_or_saved_final_action_success,bowl_on_plate_1.pkl
1,bowl_on_plate,112,demo_112,197,saved_final_success_or_saved_final_action_success,bowl_on_plate_1.pkl
1,bowl_on_plate,113,demo_113,219,saved_final_success_or_saved_final_action_success,bowl_on_plate_1.pkl
1,bowl_on_plate,114,demo_114,214,saved_final_success_or_saved_final_action_success,bowl_on_plate_1.pkl
1,bowl_on_plate,115,demo_115,225,saved_final_success_or_saved_final_action_success,bowl_on_plate_1.pkl
1,bowl_on_plate,116,demo_116,200,saved_final_success_or_saved_final_action_success,bowl_on_plate_1.pkl
1,bowl_on_plate,117,demo_117,218,saved_final_success_or_saved_final_action_success,bowl_on_plate_1.pkl
1,bowl_on_plate,119,demo_119,222,saved_final_success_or_saved_final_action_success,bowl_on_plate_1.pkl
1,bowl_on_plate,120,demo_120,197,saved_final_success_or_saved_final_action_success,bowl_on_plate_1.pkl
1,bowl_on_plate,122,demo_122,217,saved_final_success_or_saved_final_action_success,bowl_on_plate_1.pkl
1,bowl_on_plate,123,demo_123,200,saved_final_success_or_saved_final_action_success,bowl_on_plate_1.pkl
1,bowl_on_plate,124,demo_124,225,saved_final_success_or_saved_final_action_success,bowl_on_plate_1.pkl
1,bowl_on_plate,125,demo_125,209,saved_final_success_or_saved_final_action_success,bowl_on_plate_1.pkl
1,bowl_on_plate,126,demo_126,225,saved_final_success_or_saved_final_action_success,bowl_on_plate_1.pkl
1,bowl_on_plate,127,demo_127,202,saved_final_success_or_saved_final_action_success,bowl_on_plate_1.pkl
1,bowl_on_plate,130,demo_130,222,saved_final_success_or_saved_final_action_success,bowl_on_plate_1.pkl
1,bowl_on_plate,131,demo_131,218,saved_final_success_or_saved_final_action_success,bowl_on_plate_1.pkl
1,bowl_on_plate,132,demo_132,196,saved_final_success_or_saved_final_action_success,bowl_on_plate_1.pkl
1,bowl_on_plate,133,demo_133,214,saved_final_success_or_saved_final_action_success,bowl_on_plate_1.pkl
1,bowl_on_plate,134,demo_134,217,saved_final_success_or_saved_final_action_success,bowl_on_plate_1.pkl
1,bowl_on_plate,135,demo_135,220,saved_final_success_or_saved_final_action_success,bowl_on_plate_1.pkl
1,bowl_on_plate,136,demo_136,203,saved_final_success_or_saved_final_action_success,bowl_on_plate_1.pkl
1,bowl_on_plate,137,demo_137,207,saved_final_success_or_saved_final_action_success,bowl_on_plate_1.pkl
1,bowl_on_plate,138,demo_138,214,saved_final_success_or_saved_final_action_success,bowl_on_plate_1.pkl
1,bowl_on_plate,139,demo_139,210,saved_final_success_or_saved_final_action_success,bowl_on_plate_1.pkl
1,bowl_on_plate,140,demo_140,203,saved_final_success_or_saved_final_action_success,bowl_on_plate_1.pkl
1,bowl_on_plate,141,demo_141,208,saved_final_success_or_saved_final_action_success,bowl_on_plate_1.pkl
1,bowl_on_plate,142,demo_142,218,saved_final_success_or_saved_final_action_success,bowl_on_plate_1.pkl
1,bowl_on_plate,143,demo_143,203,saved_final_success_or_saved_final_action_success,bowl_on_plate_1.pkl
1,bowl_on_plate,144,demo_144,221,saved_final_success_or_saved_final_action_success,bowl_on_plate_1.pkl
1,bowl_on_plate,146,demo_146,225,saved_final_success_or_saved_final_action_success,bowl_on_plate_1.pkl
1,bowl_on_plate,148,demo_148,215,saved_final_success_or_saved_final_action_success,bowl_on_plate_1.pkl
1,bowl_on_plate,149,demo_149,204,saved_final_success_or_saved_final_action_success,bowl_on_plate_1.pkl
1,bowl_on_plate,150,demo_150,218,saved_final_success_or_saved_final_action_success,bowl_on_plate_1.pkl
1,bowl_on_plate,151,demo_151,217,saved_final_success_or_saved_final_action_success,bowl_on_plate_1.pkl
1,bowl_on_plate,152,demo_152,206,saved_final_success_or_saved_final_action_success,bowl_on_plate_1.pkl
1,bowl_on_plate,153,demo_153,214,saved_final_success_or_saved_final_action_success,bowl_on_plate_1.pkl
1,bowl_on_plate,154,demo_154,212,saved_final_success_or_saved_final_action_success,bowl_on_plate_1.pkl
1,bowl_on_plate,155,demo_155,225,saved_final_success_or_saved_final_action_success,bowl_on_plate_1.pkl
1,bowl_on_plate,157,demo_157,210,saved_final_success_or_saved_final_action_success,bowl_on_plate_1.pkl
1,bowl_on_plate,158,demo_158,209,saved_final_success_or_saved_final_action_success,bowl_on_plate_1.pkl
1,bowl_on_plate,159,demo_159,223,saved_final_success_or_saved_final_action_success,bowl_on_plate_1.pkl
1,bowl_on_plate,160,demo_160,221,saved_final_success_or_saved_final_action_success,bowl_on_plate_1.pkl
1,bowl_on_plate,161,demo_161,232,saved_final_success_or_saved_final_action_success,bowl_on_plate_1.pkl
1,bowl_on_plate,162,demo_162,212,saved_final_success_or_saved_final_action_success,bowl_on_plate_1.pkl
1,bowl_on_plate,163,demo_163,214,saved_final_success_or_saved_final_action_success,bowl_on_plate_1.pkl
1,bowl_on_plate,164,demo_164,194,saved_final_success_or_saved_final_action_success,bowl_on_plate_1.pkl
1,bowl_on_plate,165,demo_165,225,saved_final_success_or_saved_final_action_success,bowl_on_plate_1.pkl
1,bowl_on_plate,167,demo_167,209,saved_final_success_or_saved_final_action_success,bowl_on_plate_1.pkl
1,bowl_on_plate,168,demo_168,218,saved_final_success_or_saved_final_action_success,bowl_on_plate_1.pkl
1,bowl_on_plate,169,demo_169,209,saved_final_success_or_saved_final_action_success,bowl_on_plate_1.pkl
1,bowl_on_plate,170,demo_170,216,saved_final_success_or_saved_final_action_success,bowl_on_plate_1.pkl
1,bowl_on_plate,171,demo_171,225,saved_final_success_or_saved_final_action_success,bowl_on_plate_1.pkl
1,bowl_on_plate,172,demo_172,225,saved_final_success_or_saved_final_action_success,bowl_on_plate_1.pkl
1,bowl_on_plate,173,demo_173,208,saved_final_success_or_saved_final_action_success,bowl_on_plate_1.pkl
1,bowl_on_plate,174,demo_174,224,saved_final_success_or_saved_final_action_success,bowl_on_plate_1.pkl
1,bowl_on_plate,176,demo_176,225,saved_final_success_or_saved_final_action_success,bowl_on_plate_1.pkl
1,bowl_on_plate,177,demo_177,219,saved_final_success_or_saved_final_action_success,bowl_on_plate_1.pkl
1,bowl_on_plate,178,demo_178,198,saved_final_success_or_saved_final_action_success,bowl_on_plate_1.pkl
1,bowl_on_plate,179,demo_179,218,saved_final_success_or_saved_final_action_success,bowl_on_plate_1.pkl
1,bowl_on_plate,180,demo_180,199,saved_final_success_or_saved_final_action_success,bowl_on_plate_1.pkl
1,bowl_on_plate,183,demo_183,204,saved_final_success_or_saved_final_action_success,bowl_on_plate_1.pkl
1,bowl_on_plate,184,demo_184,221,saved_final_success_or_saved_final_action_success,bowl_on_plate_1.pkl
1,bowl_on_plate,185,demo_185,221,saved_final_success_or_saved_final_action_success,bowl_on_plate_1.pkl
1,bowl_on_plate,186,demo_186,223,saved_final_success_or_saved_final_action_success,bowl_on_plate_1.pkl
1,bowl_on_plate,187,demo_187,208,saved_final_success_or_saved_final_action_success,bowl_on_plate_1.pkl
1,bowl_on_plate,188,demo_188,209,saved_final_success_or_saved_final_action_success,bowl_on_plate_1.pkl
1,bowl_on_plate,189,demo_189,204,saved_final_success_or_saved_final_action_success,bowl_on_plate_1.pkl
1,bowl_on_plate,190,demo_190,234,saved_final_success_or_saved_final_action_success,bowl_on_plate_1.pkl
1,bowl_on_plate,191,demo_191,221,saved_final_success_or_saved_final_action_success,bowl_on_plate_1.pkl
1,bowl_on_plate,192,demo_192,197,saved_final_success_or_saved_final_action_success,bowl_on_plate_1.pkl
1,bowl_on_plate,193,demo_193,195,saved_final_success_or_saved_final_action_success,bowl_on_plate_1.pkl
1,bowl_on_plate,194,demo_194,203,saved_final_success_or_saved_final_action_success,bowl_on_plate_1.pkl
1,bowl_on_plate,195,demo_195,214,saved_final_success_or_saved_final_action_success,bowl_on_plate_1.pkl
1,bowl_on_plate,197,demo_197,187,saved_final_success_or_saved_final_action_success,bowl_on_plate_1.pkl
1,bowl_on_plate,198,demo_198,209,saved_final_success_or_saved_final_action_success,bowl_on_plate_1.pkl
1,bowl_on_plate,199,demo_199,233,saved_final_success_or_saved_final_action_success,bowl_on_plate_1.pkl
1,bowl_on_plate,200,demo_200,226,saved_final_success_or_saved_final_action_success,bowl_on_plate_1.pkl
1,bowl_on_plate,201,demo_201,209,saved_final_success_or_saved_final_action_success,bowl_on_plate_1.pkl
1,bowl_on_plate,202,demo_202,190,saved_final_success_or_saved_final_action_success,bowl_on_plate_1.pkl
1,bowl_on_plate,203,demo_203,217,saved_final_success_or_saved_final_action_success,bowl_on_plate_1.pkl
1,bowl_on_plate,204,demo_204,194,saved_final_success_or_saved_final_action_success,bowl_on_plate_1.pkl
1,bowl_on_plate,205,demo_205,200,saved_final_success_or_saved_final_action_success,bowl_on_plate_1.pkl
1,bowl_on_plate,206,demo_206,194,saved_final_success_or_saved_final_action_success,bowl_on_plate_1.pkl
1,bowl_on_plate,207,demo_207,203,saved_final_success_or_saved_final_action_success,bowl_on_plate_1.pkl
1,bowl_on_plate,208,demo_208,214,saved_final_success_or_saved_final_action_success,bowl_on_plate_1.pkl
1,bowl_on_plate,209,demo_209,214,saved_final_success_or_saved_final_action_success,bowl_on_plate_1.pkl
1,bowl_on_plate,211,demo_211,205,saved_final_success_or_saved_final_action_success,bowl_on_plate_1.pkl
1,bowl_on_plate,212,demo_212,200,saved_final_success_or_saved_final_action_success,bowl_on_plate_1.pkl
1,bowl_on_plate,213,demo_213,221,saved_final_success_or_saved_final_action_success,bowl_on_plate_1.pkl
1,bowl_on_plate,214,demo_214,218,saved_final_success_or_saved_final_action_success,bowl_on_plate_1.pkl
1,bowl_on_plate,215,demo_215,219,saved_final_success_or_saved_final_action_success,bowl_on_plate_1.pkl
1,bowl_on_plate,216,demo_216,220,saved_final_success_or_saved_final_action_success,bowl_on_plate_1.pkl
1,bowl_on_plate,217,demo_217,214,saved_final_success_or_saved_final_action_success,bowl_on_plate_1.pkl
1,bowl_on_plate,219,demo_219,200,saved_final_success_or_saved_final_action_success,bowl_on_plate_1.pkl
1,bowl_on_plate,221,demo_221,224,saved_final_success_or_saved_final_action_success,bowl_on_plate_1.pkl
1,bowl_on_plate,222,demo_222,216,saved_final_success_or_saved_final_action_success,bowl_on_plate_1.pkl
1,bowl_on_plate,223,demo_223,218,saved_final_success_or_saved_final_action_success,bowl_on_plate_1.pkl
1,bowl_on_plate,224,demo_224,213,saved_final_success_or_saved_final_action_success,bowl_on_plate_1.pkl
1,bowl_on_plate,225,demo_225,201,saved_final_success_or_saved_final_action_success,bowl_on_plate_1.pkl
1,bowl_on_plate,227,demo_227,218,saved_final_success_or_saved_final_action_success,bowl_on_plate_1.pkl
1,bowl_on_plate,228,demo_228,216,saved_final_success_or_saved_final_action_success,bowl_on_plate_1.pkl
1,bowl_on_plate,229,demo_229,208,saved_final_success_or_saved_final_action_success,bowl_on_plate_1.pkl
1,bowl_on_plate,230,demo_230,194,saved_final_success_or_saved_final_action_success,bowl_on_plate_1.pkl
1,bowl_on_plate,231,demo_231,221,saved_final_success_or_saved_final_action_success,bowl_on_plate_1.pkl
1,bowl_on_plate,232,demo_232,227,saved_final_success_or_saved_final_action_success,bowl_on_plate_1.pkl
1,bowl_on_plate,233,demo_233,206,saved_final_success_or_saved_final_action_success,bowl_on_plate_1.pkl
1,bowl_on_plate,234,demo_234,209,saved_final_success_or_saved_final_action_success,bowl_on_plate_1.pkl
1,bowl_on_plate,235,demo_235,210,saved_final_success_or_saved_final_action_success,bowl_on_plate_1.pkl
1,bowl_on_plate,236,demo_236,207,saved_final_success_or_saved_final_action_success,bowl_on_plate_1.pkl
1,bowl_on_plate,237,demo_237,202,saved_final_success_or_saved_final_action_success,bowl_on_plate_1.pkl
1,bowl_on_plate,238,demo_238,224,saved_final_success_or_saved_final_action_success,bowl_on_plate_1.pkl
1,bowl_on_plate,239,demo_239,232,saved_final_success_or_saved_final_action_success,bowl_on_plate_1.pkl
1,bowl_on_plate,240,demo_240,205,saved_final_success_or_saved_final_action_success,bowl_on_plate_1.pkl
1,bowl_on_plate,241,demo_241,217,saved_final_success_or_saved_final_action_success,bowl_on_plate_1.pkl
1,bowl_on_plate,242,demo_242,234,saved_final_success_or_saved_final_action_success,bowl_on_plate_1.pkl
1,bowl_on_plate,244,demo_244,209,saved_final_success_or_saved_final_action_success,bowl_on_plate_1.pkl
1,bowl_on_plate,245,demo_245,201,saved_final_success_or_saved_final_action_success,bowl_on_plate_1.pkl
1,bowl_on_plate,246,demo_246,230,saved_final_success_or_saved_final_action_success,bowl_on_plate_1.pkl
1,bowl_on_plate,247,demo_247,228,saved_final_success_or_saved_final_action_success,bowl_on_plate_1.pkl
1,bowl_on_plate,248,demo_248,219,saved_final_success_or_saved_final_action_success,bowl_on_plate_1.pkl
1,bowl_on_plate,249,demo_249,196,saved_final_success_or_saved_final_action_success,bowl_on_plate_1.pkl
1,bowl_on_plate,250,demo_250,226,saved_final_success_or_saved_final_action_success,bowl_on_plate_1.pkl
1,bowl_on_plate,251,demo_251,196,saved_final_success_or_saved_final_action_success,bowl_on_plate_1.pkl
1,bowl_on_plate,252,demo_252,200,saved_final_success_or_saved_final_action_success,bowl_on_plate_1.pkl
1,bowl_on_plate,253,demo_253,222,saved_final_success_or_saved_final_action_success,bowl_on_plate_1.pkl
1,bowl_on_plate,254,demo_254,215,saved_final_success_or_saved_final_action_success,bowl_on_plate_1.pkl
1,bowl_on_plate,255,demo_255,211,saved_final_success_or_saved_final_action_success,bowl_on_plate_1.pkl
1,bowl_on_plate,256,demo_256,192,saved_final_success_or_saved_final_action_success,bowl_on_plate_1.pkl
1,bowl_on_plate,257,demo_257,200,saved_final_success_or_saved_final_action_success,bowl_on_plate_1.pkl
1,bowl_on_plate,258,demo_258,214,saved_final_success_or_saved_final_action_success,bowl_on_plate_1.pkl
1,bowl_on_plate,259,demo_259,209,saved_final_success_or_saved_final_action_success,bowl_on_plate_1.pkl
1,bowl_on_plate,260,demo_260,212,saved_final_success_or_saved_final_action_success,bowl_on_plate_1.pkl
1,bowl_on_plate,261,demo_261,225,saved_final_success_or_saved_final_action_success,bowl_on_plate_1.pkl
1,bowl_on_plate,262,demo_262,221,saved_final_success_or_saved_final_action_success,bowl_on_plate_1.pkl
1,bowl_on_plate,263,demo_263,214,saved_final_success_or_saved_final_action_success,bowl_on_plate_1.pkl
1,bowl_on_plate,264,demo_264,220,saved_final_success_or_saved_final_action_success,bowl_on_plate_1.pkl
1,bowl_on_plate,265,demo_265,220,saved_final_success_or_saved_final_action_success,bowl_on_plate_1.pkl
1,bowl_on_plate,266,demo_266,197,saved_final_success_or_saved_final_action_success,bowl_on_plate_1.pkl
1,bowl_on_plate,268,demo_268,202,saved_final_success_or_saved_final_action_success,bowl_on_plate_1.pkl
1,bowl_on_plate,269,demo_269,196,saved_final_success_or_saved_final_action_success,bowl_on_plate_1.pkl
1,bowl_on_plate,271,demo_271,211,saved_final_success_or_saved_final_action_success,bowl_on_plate_1.pkl
1,bowl_on_plate,272,demo_272,205,saved_final_success_or_saved_final_action_success,bowl_on_plate_1.pkl
1,bowl_on_plate,273,demo_273,214,saved_final_success_or_saved_final_action_success,bowl_on_plate_1.pkl
1,bowl_on_plate,274,demo_274,209,saved_final_success_or_saved_final_action_success,bowl_on_plate_1.pkl
1,bowl_on_plate,275,demo_275,213,saved_final_success_or_saved_final_action_success,bowl_on_plate_1.pkl
1,bowl_on_plate,276,demo_276,223,saved_final_success_or_saved_final_action_success,bowl_on_plate_1.pkl
1,bowl_on_plate,278,demo_278,219,saved_final_success_or_saved_final_action_success,bowl_on_plate_1.pkl
1,bowl_on_plate,279,demo_279,198,saved_final_success_or_saved_final_action_success,bowl_on_plate_1.pkl
1,bowl_on_plate,280,demo_280,230,saved_final_success_or_saved_final_action_success,bowl_on_plate_1.pkl
1,bowl_on_plate,281,demo_281,228,saved_final_success_or_saved_final_action_success,bowl_on_plate_1.pkl
1,bowl_on_plate,282,demo_282,221,saved_final_success_or_saved_final_action_success,bowl_on_plate_1.pkl
1,bowl_on_plate,283,demo_283,209,saved_final_success_or_saved_final_action_success,bowl_on_plate_1.pkl
1,bowl_on_plate,284,demo_284,198,saved_final_success_or_saved_final_action_success,bowl_on_plate_1.pkl
1,bowl_on_plate,286,demo_286,209,saved_final_success_or_saved_final_action_success,bowl_on_plate_1.pkl
1,bowl_on_plate,287,demo_287,209,saved_final_success_or_saved_final_action_success,bowl_on_plate_1.pkl
1,bowl_on_plate,288,demo_288,214,saved_final_success_or_saved_final_action_success,bowl_on_plate_1.pkl
1,bowl_on_plate,289,demo_289,218,saved_final_success_or_saved_final_action_success,bowl_on_plate_1.pkl
1,bowl_on_plate,290,demo_290,192,saved_final_success_or_saved_final_action_success,bowl_on_plate_1.pkl
1,bowl_on_plate,291,demo_291,206,saved_final_success_or_saved_final_action_success,bowl_on_plate_1.pkl
1,bowl_on_plate,292,demo_292,229,saved_final_success_or_saved_final_action_success,bowl_on_plate_1.pkl
1,bowl_on_plate,293,demo_293,217,saved_final_success_or_saved_final_action_success,bowl_on_plate_1.pkl
1,bowl_on_plate,294,demo_294,209,saved_final_success_or_saved_final_action_success,bowl_on_plate_1.pkl
1,bowl_on_plate,295,demo_295,205,saved_final_success_or_saved_final_action_success,bowl_on_plate_1.pkl
1,bowl_on_plate,296,demo_296,214,saved_final_success_or_saved_final_action_success,bowl_on_plate_1.pkl
1,bowl_on_plate,297,demo_297,210,saved_final_success_or_saved_final_action_success,bowl_on_plate_1.pkl
1,bowl_on_plate,298,demo_298,209,saved_final_success_or_saved_final_action_success,bowl_on_plate_1.pkl
1,bowl_on_plate,299,demo_299,214,saved_final_success_or_saved_final_action_success,bowl_on_plate_1.pkl
2,bowl_on_plate,0,demo_0,187,saved_final_success_or_saved_final_action_success,bowl_on_plate_2.pkl
2,bowl_on_plate,27,demo_27,185,saved_final_success_or_saved_final_action_success,bowl_on_plate_2.pkl
2,bowl_on_plate,32,demo_32,190,saved_final_success_or_saved_final_action_success,bowl_on_plate_2.pkl
2,bowl_on_plate,33,demo_33,206,saved_final_success_or_saved_final_action_success,bowl_on_plate_2.pkl
2,bowl_on_plate,52,demo_52,206,saved_final_success_or_saved_final_action_success,bowl_on_plate_2.pkl
2,bowl_on_plate,59,demo_59,194,saved_final_success_or_saved_final_action_success,bowl_on_plate_2.pkl
2,bowl_on_plate,67,demo_67,194,saved_final_success_or_saved_final_action_success,bowl_on_plate_2.pkl
2,bowl_on_plate,72,demo_72,188,saved_final_success_or_saved_final_action_success,bowl_on_plate_2.pkl
2,bowl_on_plate,73,demo_73,198,saved_final_success_or_saved_final_action_success,bowl_on_plate_2.pkl
2,bowl_on_plate,75,demo_75,197,saved_final_success_or_saved_final_action_success,bowl_on_plate_2.pkl
2,bowl_on_plate,79,demo_79,193,saved_final_success_or_saved_final_action_success,bowl_on_plate_2.pkl
2,bowl_on_plate,87,demo_87,194,saved_final_success_or_saved_final_action_success,bowl_on_plate_2.pkl
2,bowl_on_plate,92,demo_92,191,saved_final_success_or_saved_final_action_success,bowl_on_plate_2.pkl
2,bowl_on_plate,111,demo_111,200,saved_final_success_or_saved_final_action_success,bowl_on_plate_2.pkl
2,bowl_on_plate,116,demo_116,190,saved_final_success_or_saved_final_action_success,bowl_on_plate_2.pkl
2,bowl_on_plate,118,demo_118,195,saved_final_success_or_saved_final_action_success,bowl_on_plate_2.pkl
2,bowl_on_plate,122,demo_122,196,saved_final_success_or_saved_final_action_success,bowl_on_plate_2.pkl
2,bowl_on_plate,141,demo_141,198,saved_final_success_or_saved_final_action_success,bowl_on_plate_2.pkl
2,bowl_on_plate,153,demo_153,190,saved_final_success_or_saved_final_action_success,bowl_on_plate_2.pkl
2,bowl_on_plate,159,demo_159,197,saved_final_success_or_saved_final_action_success,bowl_on_plate_2.pkl
2,bowl_on_plate,165,demo_165,190,saved_final_success_or_saved_final_action_success,bowl_on_plate_2.pkl
2,bowl_on_plate,172,demo_172,189,saved_final_success_or_saved_final_action_success,bowl_on_plate_2.pkl
2,bowl_on_plate,176,demo_176,192,saved_final_success_or_saved_final_action_success,bowl_on_plate_2.pkl
2,bowl_on_plate,183,demo_183,206,saved_final_success_or_saved_final_action_success,bowl_on_plate_2.pkl
2,bowl_on_plate,190,demo_190,186,saved_final_success_or_saved_final_action_success,bowl_on_plate_2.pkl
2,bowl_on_plate,210,demo_210,191,saved_final_success_or_saved_final_action_success,bowl_on_plate_2.pkl
2,bowl_on_plate,214,demo_214,205,saved_final_success_or_saved_final_action_success,bowl_on_plate_2.pkl
2,bowl_on_plate,217,demo_217,206,saved_final_success_or_saved_final_action_success,bowl_on_plate_2.pkl
2,bowl_on_plate,221,demo_221,190,saved_final_success_or_saved_final_action_success,bowl_on_plate_2.pkl
2,bowl_on_plate,227,demo_227,187,saved_final_success_or_saved_final_action_success,bowl_on_plate_2.pkl
2,bowl_on_plate,231,demo_231,187,saved_final_success_or_saved_final_action_success,bowl_on_plate_2.pkl
2,bowl_on_plate,234,demo_234,194,saved_final_success_or_saved_final_action_success,bowl_on_plate_2.pkl
2,bowl_on_plate,236,demo_236,195,saved_final_success_or_saved_final_action_success,bowl_on_plate_2.pkl
2,bowl_on_plate,240,demo_240,193,saved_final_success_or_saved_final_action_success,bowl_on_plate_2.pkl
2,bowl_on_plate,242,demo_242,192,saved_final_success_or_saved_final_action_success,bowl_on_plate_2.pkl
2,bowl_on_plate,252,demo_252,201,saved_final_success_or_saved_final_action_success,bowl_on_plate_2.pkl
2,bowl_on_plate,254,demo_254,197,saved_final_success_or_saved_final_action_success,bowl_on_plate_2.pkl
2,bowl_on_plate,255,demo_255,187,saved_final_success_or_saved_final_action_success,bowl_on_plate_2.pkl
2,bowl_on_plate,256,demo_256,192,saved_final_success_or_saved_final_action_success,bowl_on_plate_2.pkl
2,bowl_on_plate,274,demo_274,206,saved_final_success_or_saved_final_action_success,bowl_on_plate_2.pkl
2,bowl_on_plate,275,demo_275,190,saved_final_success_or_saved_final_action_success,bowl_on_plate_2.pkl
2,bowl_on_plate,287,demo_287,193,saved_final_success_or_saved_final_action_success,bowl_on_plate_2.pkl
2,bowl_on_plate,288,demo_288,193,saved_final_success_or_saved_final_action_success,bowl_on_plate_2.pkl
2,bowl_on_plate,298,demo_298,192,saved_final_success_or_saved_final_action_success,bowl_on_plate_2.pkl
3,bowl_on_plate,0,demo_0,188,saved_final_success_or_saved_final_action_success,bowl_on_plate_3.pkl
3,bowl_on_plate,3,demo_3,199,saved_final_success_or_saved_final_action_success,bowl_on_plate_3.pkl
3,bowl_on_plate,5,demo_5,173,saved_final_success_or_saved_final_action_success,bowl_on_plate_3.pkl
3,bowl_on_plate,6,demo_6,202,saved_final_success_or_saved_final_action_success,bowl_on_plate_3.pkl
3,bowl_on_plate,10,demo_10,191,saved_final_success_or_saved_final_action_success,bowl_on_plate_3.pkl
3,bowl_on_plate,20,demo_20,212,saved_final_success_or_saved_final_action_success,bowl_on_plate_3.pkl
3,bowl_on_plate,22,demo_22,173,saved_final_success_or_saved_final_action_success,bowl_on_plate_3.pkl
3,bowl_on_plate,26,demo_26,217,saved_final_success_or_saved_final_action_success,bowl_on_plate_3.pkl
3,bowl_on_plate,27,demo_27,227,saved_final_success_or_saved_final_action_success,bowl_on_plate_3.pkl
3,bowl_on_plate,30,demo_30,189,saved_final_success_or_saved_final_action_success,bowl_on_plate_3.pkl
3,bowl_on_plate,32,demo_32,180,saved_final_success_or_saved_final_action_success,bowl_on_plate_3.pkl
3,bowl_on_plate,34,demo_34,217,saved_final_success_or_saved_final_action_success,bowl_on_plate_3.pkl
3,bowl_on_plate,36,demo_36,200,saved_final_success_or_saved_final_action_success,bowl_on_plate_3.pkl
3,bowl_on_plate,38,demo_38,202,saved_final_success_or_saved_final_action_success,bowl_on_plate_3.pkl
3,bowl_on_plate,41,demo_41,173,saved_final_success_or_saved_final_action_success,bowl_on_plate_3.pkl
3,bowl_on_plate,50,demo_50,235,saved_final_success_or_saved_final_action_success,bowl_on_plate_3.pkl
3,bowl_on_plate,52,demo_52,202,saved_final_success_or_saved_final_action_success,bowl_on_plate_3.pkl
3,bowl_on_plate,53,demo_53,221,saved_final_success_or_saved_final_action_success,bowl_on_plate_3.pkl
3,bowl_on_plate,54,demo_54,228,saved_final_success_or_saved_final_action_success,bowl_on_plate_3.pkl
3,bowl_on_plate,56,demo_56,206,saved_final_success_or_saved_final_action_success,bowl_on_plate_3.pkl
3,bowl_on_plate,57,demo_57,229,saved_final_success_or_saved_final_action_success,bowl_on_plate_3.pkl
3,bowl_on_plate,58,demo_58,173,saved_final_success_or_saved_final_action_success,bowl_on_plate_3.pkl
3,bowl_on_plate,59,demo_59,227,saved_final_success_or_saved_final_action_success,bowl_on_plate_3.pkl
3,bowl_on_plate,60,demo_60,177,saved_final_success_or_saved_final_action_success,bowl_on_plate_3.pkl
3,bowl_on_plate,61,demo_61,218,saved_final_success_or_saved_final_action_success,bowl_on_plate_3.pkl
3,bowl_on_plate,67,demo_67,212,saved_final_success_or_saved_final_action_success,bowl_on_plate_3.pkl
3,bowl_on_plate,70,demo_70,181,saved_final_success_or_saved_final_action_success,bowl_on_plate_3.pkl
3,bowl_on_plate,71,demo_71,173,saved_final_success_or_saved_final_action_success,bowl_on_plate_3.pkl
3,bowl_on_plate,73,demo_73,177,saved_final_success_or_saved_final_action_success,bowl_on_plate_3.pkl
3,bowl_on_plate,79,demo_79,183,saved_final_success_or_saved_final_action_success,bowl_on_plate_3.pkl
3,bowl_on_plate,80,demo_80,217,saved_final_success_or_saved_final_action_success,bowl_on_plate_3.pkl
3,bowl_on_plate,83,demo_83,217,saved_final_success_or_saved_final_action_success,bowl_on_plate_3.pkl
3,bowl_on_plate,89,demo_89,185,saved_final_success_or_saved_final_action_success,bowl_on_plate_3.pkl
3,bowl_on_plate,90,demo_90,190,saved_final_success_or_saved_final_action_success,bowl_on_plate_3.pkl
3,bowl_on_plate,94,demo_94,175,saved_final_success_or_saved_final_action_success,bowl_on_plate_3.pkl
3,bowl_on_plate,97,demo_97,190,saved_final_success_or_saved_final_action_success,bowl_on_plate_3.pkl
3,bowl_on_plate,102,demo_102,223,saved_final_success_or_saved_final_action_success,bowl_on_plate_3.pkl
3,bowl_on_plate,103,demo_103,199,saved_final_success_or_saved_final_action_success,bowl_on_plate_3.pkl
3,bowl_on_plate,105,demo_105,211,saved_final_success_or_saved_final_action_success,bowl_on_plate_3.pkl
3,bowl_on_plate,109,demo_109,233,saved_final_success_or_saved_final_action_success,bowl_on_plate_3.pkl
3,bowl_on_plate,110,demo_110,173,saved_final_success_or_saved_final_action_success,bowl_on_plate_3.pkl
3,bowl_on_plate,112,demo_112,220,saved_final_success_or_saved_final_action_success,bowl_on_plate_3.pkl
3,bowl_on_plate,114,demo_114,198,saved_final_success_or_saved_final_action_success,bowl_on_plate_3.pkl
3,bowl_on_plate,116,demo_116,210,saved_final_success_or_saved_final_action_success,bowl_on_plate_3.pkl
3,bowl_on_plate,119,demo_119,227,saved_final_success_or_saved_final_action_success,bowl_on_plate_3.pkl
3,bowl_on_plate,120,demo_120,202,saved_final_success_or_saved_final_action_success,bowl_on_plate_3.pkl
3,bowl_on_plate,121,demo_121,225,saved_final_success_or_saved_final_action_success,bowl_on_plate_3.pkl
3,bowl_on_plate,124,demo_124,171,saved_final_success_or_saved_final_action_success,bowl_on_plate_3.pkl
3,bowl_on_plate,125,demo_125,217,saved_final_success_or_saved_final_action_success,bowl_on_plate_3.pkl
3,bowl_on_plate,127,demo_127,177,saved_final_success_or_saved_final_action_success,bowl_on_plate_3.pkl
3,bowl_on_plate,129,demo_129,233,saved_final_success_or_saved_final_action_success,bowl_on_plate_3.pkl
3,bowl_on_plate,131,demo_131,173,saved_final_success_or_saved_final_action_success,bowl_on_plate_3.pkl
3,bowl_on_plate,132,demo_132,173,saved_final_success_or_saved_final_action_success,bowl_on_plate_3.pkl
3,bowl_on_plate,133,demo_133,183,saved_final_success_or_saved_final_action_success,bowl_on_plate_3.pkl
3,bowl_on_plate,134,demo_134,233,saved_final_success_or_saved_final_action_success,bowl_on_plate_3.pkl
3,bowl_on_plate,136,demo_136,182,saved_final_success_or_saved_final_action_success,bowl_on_plate_3.pkl
3,bowl_on_plate,144,demo_144,229,saved_final_success_or_saved_final_action_success,bowl_on_plate_3.pkl
3,bowl_on_plate,150,demo_150,233,saved_final_success_or_saved_final_action_success,bowl_on_plate_3.pkl
3,bowl_on_plate,154,demo_154,181,saved_final_success_or_saved_final_action_success,bowl_on_plate_3.pkl
3,bowl_on_plate,155,demo_155,239,saved_final_success_or_saved_final_action_success,bowl_on_plate_3.pkl
3,bowl_on_plate,156,demo_156,183,saved_final_success_or_saved_final_action_success,bowl_on_plate_3.pkl
3,bowl_on_plate,159,demo_159,199,saved_final_success_or_saved_final_action_success,bowl_on_plate_3.pkl
3,bowl_on_plate,163,demo_163,233,saved_final_success_or_saved_final_action_success,bowl_on_plate_3.pkl
3,bowl_on_plate,164,demo_164,194,saved_final_success_or_saved_final_action_success,bowl_on_plate_3.pkl
3,bowl_on_plate,165,demo_165,202,saved_final_success_or_saved_final_action_success,bowl_on_plate_3.pkl
3,bowl_on_plate,171,demo_171,208,saved_final_success_or_saved_final_action_success,bowl_on_plate_3.pkl
3,bowl_on_plate,172,demo_172,204,saved_final_success_or_saved_final_action_success,bowl_on_plate_3.pkl
3,bowl_on_plate,174,demo_174,173,saved_final_success_or_saved_final_action_success,bowl_on_plate_3.pkl
3,bowl_on_plate,175,demo_175,202,saved_final_success_or_saved_final_action_success,bowl_on_plate_3.pkl
3,bowl_on_plate,181,demo_181,213,saved_final_success_or_saved_final_action_success,bowl_on_plate_3.pkl
3,bowl_on_plate,182,demo_182,213,saved_final_success_or_saved_final_action_success,bowl_on_plate_3.pkl
3,bowl_on_plate,183,demo_183,217,saved_final_success_or_saved_final_action_success,bowl_on_plate_3.pkl
3,bowl_on_plate,184,demo_184,226,saved_final_success_or_saved_final_action_success,bowl_on_plate_3.pkl
3,bowl_on_plate,187,demo_187,194,saved_final_success_or_saved_final_action_success,bowl_on_plate_3.pkl
3,bowl_on_plate,193,demo_193,204,saved_final_success_or_saved_final_action_success,bowl_on_plate_3.pkl
3,bowl_on_plate,194,demo_194,227,saved_final_success_or_saved_final_action_success,bowl_on_plate_3.pkl
3,bowl_on_plate,197,demo_197,213,saved_final_success_or_saved_final_action_success,bowl_on_plate_3.pkl
3,bowl_on_plate,201,demo_201,218,saved_final_success_or_saved_final_action_success,bowl_on_plate_3.pkl
3,bowl_on_plate,206,demo_206,182,saved_final_success_or_saved_final_action_success,bowl_on_plate_3.pkl
3,bowl_on_plate,209,demo_209,229,saved_final_success_or_saved_final_action_success,bowl_on_plate_3.pkl
3,bowl_on_plate,212,demo_212,204,saved_final_success_or_saved_final_action_success,bowl_on_plate_3.pkl
3,bowl_on_plate,219,demo_219,218,saved_final_success_or_saved_final_action_success,bowl_on_plate_3.pkl
3,bowl_on_plate,222,demo_222,202,saved_final_success_or_saved_final_action_success,bowl_on_plate_3.pkl
3,bowl_on_plate,223,demo_223,233,saved_final_success_or_saved_final_action_success,bowl_on_plate_3.pkl
3,bowl_on_plate,226,demo_226,179,saved_final_success_or_saved_final_action_success,bowl_on_plate_3.pkl
3,bowl_on_plate,229,demo_229,227,saved_final_success_or_saved_final_action_success,bowl_on_plate_3.pkl
3,bowl_on_plate,232,demo_232,214,saved_final_success_or_saved_final_action_success,bowl_on_plate_3.pkl
3,bowl_on_plate,237,demo_237,202,saved_final_success_or_saved_final_action_success,bowl_on_plate_3.pkl
3,bowl_on_plate,238,demo_238,213,saved_final_success_or_saved_final_action_success,bowl_on_plate_3.pkl
3,bowl_on_plate,239,demo_239,210,saved_final_success_or_saved_final_action_success,bowl_on_plate_3.pkl
3,bowl_on_plate,242,demo_242,217,saved_final_success_or_saved_final_action_success,bowl_on_plate_3.pkl
3,bowl_on_plate,243,demo_243,223,saved_final_success_or_saved_final_action_success,bowl_on_plate_3.pkl
3,bowl_on_plate,244,demo_244,222,saved_final_success_or_saved_final_action_success,bowl_on_plate_3.pkl
3,bowl_on_plate,246,demo_246,173,saved_final_success_or_saved_final_action_success,bowl_on_plate_3.pkl
3,bowl_on_plate,247,demo_247,216,saved_final_success_or_saved_final_action_success,bowl_on_plate_3.pkl
3,bowl_on_plate,249,demo_249,223,saved_final_success_or_saved_final_action_success,bowl_on_plate_3.pkl
3,bowl_on_plate,250,demo_250,173,saved_final_success_or_saved_final_action_success,bowl_on_plate_3.pkl
3,bowl_on_plate,252,demo_252,227,saved_final_success_or_saved_final_action_success,bowl_on_plate_3.pkl
3,bowl_on_plate,253,demo_253,238,saved_final_success_or_saved_final_action_success,bowl_on_plate_3.pkl
3,bowl_on_plate,255,demo_255,192,saved_final_success_or_saved_final_action_success,bowl_on_plate_3.pkl
3,bowl_on_plate,258,demo_258,207,saved_final_success_or_saved_final_action_success,bowl_on_plate_3.pkl
3,bowl_on_plate,262,demo_262,212,saved_final_success_or_saved_final_action_success,bowl_on_plate_3.pkl
3,bowl_on_plate,263,demo_263,197,saved_final_success_or_saved_final_action_success,bowl_on_plate_3.pkl
3,bowl_on_plate,265,demo_265,173,saved_final_success_or_saved_final_action_success,bowl_on_plate_3.pkl
3,bowl_on_plate,266,demo_266,218,saved_final_success_or_saved_final_action_success,bowl_on_plate_3.pkl
3,bowl_on_plate,274,demo_274,209,saved_final_success_or_saved_final_action_success,bowl_on_plate_3.pkl
3,bowl_on_plate,276,demo_276,174,saved_final_success_or_saved_final_action_success,bowl_on_plate_3.pkl
3,bowl_on_plate,278,demo_278,185,saved_final_success_or_saved_final_action_success,bowl_on_plate_3.pkl
3,bowl_on_plate,280,demo_280,217,saved_final_success_or_saved_final_action_success,bowl_on_plate_3.pkl
3,bowl_on_plate,285,demo_285,207,saved_final_success_or_saved_final_action_success,bowl_on_plate_3.pkl
3,bowl_on_plate,290,demo_290,233,saved_final_success_or_saved_final_action_success,bowl_on_plate_3.pkl
3,bowl_on_plate,292,demo_292,202,saved_final_success_or_saved_final_action_success,bowl_on_plate_3.pkl
3,bowl_on_plate,294,demo_294,173,saved_final_success_or_saved_final_action_success,bowl_on_plate_3.pkl
3,bowl_on_plate,297,demo_297,173,saved_final_success_or_saved_final_action_success,bowl_on_plate_3.pkl
4,bowl_on_plate,0,demo_0,177,saved_final_success_or_saved_final_action_success,bowl_on_plate_4.pkl
4,bowl_on_plate,1,demo_1,197,saved_final_success_or_saved_final_action_success,bowl_on_plate_4.pkl
4,bowl_on_plate,2,demo_2,184,saved_final_success_or_saved_final_action_success,bowl_on_plate_4.pkl
4,bowl_on_plate,5,demo_5,191,saved_final_success_or_saved_final_action_success,bowl_on_plate_4.pkl
4,bowl_on_plate,6,demo_6,170,saved_final_success_or_saved_final_action_success,bowl_on_plate_4.pkl
4,bowl_on_plate,7,demo_7,189,saved_final_success_or_saved_final_action_success,bowl_on_plate_4.pkl
4,bowl_on_plate,8,demo_8,197,saved_final_success_or_saved_final_action_success,bowl_on_plate_4.pkl
4,bowl_on_plate,10,demo_10,194,saved_final_success_or_saved_final_action_success,bowl_on_plate_4.pkl
4,bowl_on_plate,11,demo_11,184,saved_final_success_or_saved_final_action_success,bowl_on_plate_4.pkl
4,bowl_on_plate,12,demo_12,184,saved_final_success_or_saved_final_action_success,bowl_on_plate_4.pkl
4,bowl_on_plate,13,demo_13,184,saved_final_success_or_saved_final_action_success,bowl_on_plate_4.pkl
4,bowl_on_plate,14,demo_14,183,saved_final_success_or_saved_final_action_success,bowl_on_plate_4.pkl
4,bowl_on_plate,15,demo_15,184,saved_final_success_or_saved_final_action_success,bowl_on_plate_4.pkl
4,bowl_on_plate,16,demo_16,177,saved_final_success_or_saved_final_action_success,bowl_on_plate_4.pkl
4,bowl_on_plate,17,demo_17,177,saved_final_success_or_saved_final_action_success,bowl_on_plate_4.pkl
4,bowl_on_plate,18,demo_18,177,saved_final_success_or_saved_final_action_success,bowl_on_plate_4.pkl
4,bowl_on_plate,19,demo_19,175,saved_final_success_or_saved_final_action_success,bowl_on_plate_4.pkl
4,bowl_on_plate,20,demo_20,187,saved_final_success_or_saved_final_action_success,bowl_on_plate_4.pkl
4,bowl_on_plate,21,demo_21,193,saved_final_success_or_saved_final_action_success,bowl_on_plate_4.pkl
4,bowl_on_plate,22,demo_22,197,saved_final_success_or_saved_final_action_success,bowl_on_plate_4.pkl
4,bowl_on_plate,23,demo_23,189,saved_final_success_or_saved_final_action_success,bowl_on_plate_4.pkl
4,bowl_on_plate,24,demo_24,184,saved_final_success_or_saved_final_action_success,bowl_on_plate_4.pkl
4,bowl_on_plate,25,demo_25,184,saved_final_success_or_saved_final_action_success,bowl_on_plate_4.pkl
4,bowl_on_plate,26,demo_26,184,saved_final_success_or_saved_final_action_success,bowl_on_plate_4.pkl
4,bowl_on_plate,27,demo_27,184,saved_final_success_or_saved_final_action_success,bowl_on_plate_4.pkl
4,bowl_on_plate,28,demo_28,200,saved_final_success_or_saved_final_action_success,bowl_on_plate_4.pkl
4,bowl_on_plate,29,demo_29,197,saved_final_success_or_saved_final_action_success,bowl_on_plate_4.pkl
4,bowl_on_plate,30,demo_30,184,saved_final_success_or_saved_final_action_success,bowl_on_plate_4.pkl
4,bowl_on_plate,31,demo_31,189,saved_final_success_or_saved_final_action_success,bowl_on_plate_4.pkl
4,bowl_on_plate,32,demo_32,191,saved_final_success_or_saved_final_action_success,bowl_on_plate_4.pkl
4,bowl_on_plate,33,demo_33,190,saved_final_success_or_saved_final_action_success,bowl_on_plate_4.pkl
4,bowl_on_plate,34,demo_34,197,saved_final_success_or_saved_final_action_success,bowl_on_plate_4.pkl
4,bowl_on_plate,35,demo_35,169,saved_final_success_or_saved_final_action_success,bowl_on_plate_4.pkl
4,bowl_on_plate,36,demo_36,197,saved_final_success_or_saved_final_action_success,bowl_on_plate_4.pkl
4,bowl_on_plate,37,demo_37,191,saved_final_success_or_saved_final_action_success,bowl_on_plate_4.pkl
4,bowl_on_plate,38,demo_38,192,saved_final_success_or_saved_final_action_success,bowl_on_plate_4.pkl
4,bowl_on_plate,39,demo_39,177,saved_final_success_or_saved_final_action_success,bowl_on_plate_4.pkl
4,bowl_on_plate,40,demo_40,183,saved_final_success_or_saved_final_action_success,bowl_on_plate_4.pkl
4,bowl_on_plate,41,demo_41,193,saved_final_success_or_saved_final_action_success,bowl_on_plate_4.pkl
4,bowl_on_plate,42,demo_42,189,saved_final_success_or_saved_final_action_success,bowl_on_plate_4.pkl
4,bowl_on_plate,43,demo_43,183,saved_final_success_or_saved_final_action_success,bowl_on_plate_4.pkl
4,bowl_on_plate,44,demo_44,184,saved_final_success_or_saved_final_action_success,bowl_on_plate_4.pkl
4,bowl_on_plate,45,demo_45,191,saved_final_success_or_saved_final_action_success,bowl_on_plate_4.pkl
4,bowl_on_plate,46,demo_46,181,saved_final_success_or_saved_final_action_success,bowl_on_plate_4.pkl
4,bowl_on_plate,47,demo_47,184,saved_final_success_or_saved_final_action_success,bowl_on_plate_4.pkl
4,bowl_on_plate,48,demo_48,189,saved_final_success_or_saved_final_action_success,bowl_on_plate_4.pkl
4,bowl_on_plate,49,demo_49,172,saved_final_success_or_saved_final_action_success,bowl_on_plate_4.pkl
4,bowl_on_plate,50,demo_50,184,saved_final_success_or_saved_final_action_success,bowl_on_plate_4.pkl
4,bowl_on_plate,51,demo_51,189,saved_final_success_or_saved_final_action_success,bowl_on_plate_4.pkl
4,bowl_on_plate,52,demo_52,188,saved_final_success_or_saved_final_action_success,bowl_on_plate_4.pkl
4,bowl_on_plate,53,demo_53,186,saved_final_success_or_saved_final_action_success,bowl_on_plate_4.pkl
4,bowl_on_plate,54,demo_54,177,saved_final_success_or_saved_final_action_success,bowl_on_plate_4.pkl
4,bowl_on_plate,55,demo_55,191,saved_final_success_or_saved_final_action_success,bowl_on_plate_4.pkl
4,bowl_on_plate,56,demo_56,184,saved_final_success_or_saved_final_action_success,bowl_on_plate_4.pkl
4,bowl_on_plate,57,demo_57,184,saved_final_success_or_saved_final_action_success,bowl_on_plate_4.pkl
4,bowl_on_plate,58,demo_58,182,saved_final_success_or_saved_final_action_success,bowl_on_plate_4.pkl
4,bowl_on_plate,59,demo_59,197,saved_final_success_or_saved_final_action_success,bowl_on_plate_4.pkl
4,bowl_on_plate,60,demo_60,184,saved_final_success_or_saved_final_action_success,bowl_on_plate_4.pkl
4,bowl_on_plate,61,demo_61,183,saved_final_success_or_saved_final_action_success,bowl_on_plate_4.pkl
4,bowl_on_plate,62,demo_62,181,saved_final_success_or_saved_final_action_success,bowl_on_plate_4.pkl
4,bowl_on_plate,63,demo_63,175,saved_final_success_or_saved_final_action_success,bowl_on_plate_4.pkl
4,bowl_on_plate,64,demo_64,191,saved_final_success_or_saved_final_action_success,bowl_on_plate_4.pkl
4,bowl_on_plate,65,demo_65,182,saved_final_success_or_saved_final_action_success,bowl_on_plate_4.pkl
4,bowl_on_plate,66,demo_66,182,saved_final_success_or_saved_final_action_success,bowl_on_plate_4.pkl
4,bowl_on_plate,67,demo_67,177,saved_final_success_or_saved_final_action_success,bowl_on_plate_4.pkl
4,bowl_on_plate,68,demo_68,184,saved_final_success_or_saved_final_action_success,bowl_on_plate_4.pkl
4,bowl_on_plate,69,demo_69,184,saved_final_success_or_saved_final_action_success,bowl_on_plate_4.pkl
4,bowl_on_plate,70,demo_70,182,saved_final_success_or_saved_final_action_success,bowl_on_plate_4.pkl
4,bowl_on_plate,71,demo_71,189,saved_final_success_or_saved_final_action_success,bowl_on_plate_4.pkl
4,bowl_on_plate,72,demo_72,197,saved_final_success_or_saved_final_action_success,bowl_on_plate_4.pkl
4,bowl_on_plate,73,demo_73,189,saved_final_success_or_saved_final_action_success,bowl_on_plate_4.pkl
4,bowl_on_plate,74,demo_74,197,saved_final_success_or_saved_final_action_success,bowl_on_plate_4.pkl
4,bowl_on_plate,75,demo_75,184,saved_final_success_or_saved_final_action_success,bowl_on_plate_4.pkl
4,bowl_on_plate,77,demo_77,184,saved_final_success_or_saved_final_action_success,bowl_on_plate_4.pkl
4,bowl_on_plate,78,demo_78,187,saved_final_success_or_saved_final_action_success,bowl_on_plate_4.pkl
4,bowl_on_plate,79,demo_79,190,saved_final_success_or_saved_final_action_success,bowl_on_plate_4.pkl
4,bowl_on_plate,80,demo_80,177,saved_final_success_or_saved_final_action_success,bowl_on_plate_4.pkl
4,bowl_on_plate,81,demo_81,174,saved_final_success_or_saved_final_action_success,bowl_on_plate_4.pkl
4,bowl_on_plate,82,demo_82,178,saved_final_success_or_saved_final_action_success,bowl_on_plate_4.pkl
4,bowl_on_plate,83,demo_83,184,saved_final_success_or_saved_final_action_success,bowl_on_plate_4.pkl
4,bowl_on_plate,84,demo_84,190,saved_final_success_or_saved_final_action_success,bowl_on_plate_4.pkl
4,bowl_on_plate,85,demo_85,195,saved_final_success_or_saved_final_action_success,bowl_on_plate_4.pkl
4,bowl_on_plate,86,demo_86,187,saved_final_success_or_saved_final_action_success,bowl_on_plate_4.pkl
4,bowl_on_plate,87,demo_87,191,saved_final_success_or_saved_final_action_success,bowl_on_plate_4.pkl
4,bowl_on_plate,88,demo_88,184,saved_final_success_or_saved_final_action_success,bowl_on_plate_4.pkl
4,bowl_on_plate,89,demo_89,190,saved_final_success_or_saved_final_action_success,bowl_on_plate_4.pkl
4,bowl_on_plate,90,demo_90,197,saved_final_success_or_saved_final_action_success,bowl_on_plate_4.pkl
4,bowl_on_plate,91,demo_91,188,saved_final_success_or_saved_final_action_success,bowl_on_plate_4.pkl
4,bowl_on_plate,92,demo_92,190,saved_final_success_or_saved_final_action_success,bowl_on_plate_4.pkl
4,bowl_on_plate,93,demo_93,197,saved_final_success_or_saved_final_action_success,bowl_on_plate_4.pkl
4,bowl_on_plate,94,demo_94,182,saved_final_success_or_saved_final_action_success,bowl_on_plate_4.pkl
4,bowl_on_plate,95,demo_95,178,saved_final_success_or_saved_final_action_success,bowl_on_plate_4.pkl
4,bowl_on_plate,97,demo_97,184,saved_final_success_or_saved_final_action_success,bowl_on_plate_4.pkl
4,bowl_on_plate,98,demo_98,184,saved_final_success_or_saved_final_action_success,bowl_on_plate_4.pkl
4,bowl_on_plate,99,demo_99,193,saved_final_success_or_saved_final_action_success,bowl_on_plate_4.pkl
4,bowl_on_plate,100,demo_100,177,saved_final_success_or_saved_final_action_success,bowl_on_plate_4.pkl
4,bowl_on_plate,101,demo_101,184,saved_final_success_or_saved_final_action_success,bowl_on_plate_4.pkl
4,bowl_on_plate,102,demo_102,189,saved_final_success_or_saved_final_action_success,bowl_on_plate_4.pkl
4,bowl_on_plate,103,demo_103,198,saved_final_success_or_saved_final_action_success,bowl_on_plate_4.pkl
4,bowl_on_plate,104,demo_104,183,saved_final_success_or_saved_final_action_success,bowl_on_plate_4.pkl
4,bowl_on_plate,105,demo_105,182,saved_final_success_or_saved_final_action_success,bowl_on_plate_4.pkl
4,bowl_on_plate,106,demo_106,186,saved_final_success_or_saved_final_action_success,bowl_on_plate_4.pkl
4,bowl_on_plate,107,demo_107,177,saved_final_success_or_saved_final_action_success,bowl_on_plate_4.pkl
4,bowl_on_plate,109,demo_109,184,saved_final_success_or_saved_final_action_success,bowl_on_plate_4.pkl
4,bowl_on_plate,110,demo_110,184,saved_final_success_or_saved_final_action_success,bowl_on_plate_4.pkl
4,bowl_on_plate,111,demo_111,190,saved_final_success_or_saved_final_action_success,bowl_on_plate_4.pkl
4,bowl_on_plate,112,demo_112,188,saved_final_success_or_saved_final_action_success,bowl_on_plate_4.pkl
4,bowl_on_plate,113,demo_113,186,saved_final_success_or_saved_final_action_success,bowl_on_plate_4.pkl
4,bowl_on_plate,114,demo_114,187,saved_final_success_or_saved_final_action_success,bowl_on_plate_4.pkl
4,bowl_on_plate,115,demo_115,200,saved_final_success_or_saved_final_action_success,bowl_on_plate_4.pkl
4,bowl_on_plate,116,demo_116,194,saved_final_success_or_saved_final_action_success,bowl_on_plate_4.pkl
4,bowl_on_plate,117,demo_117,177,saved_final_success_or_saved_final_action_success,bowl_on_plate_4.pkl
4,bowl_on_plate,118,demo_118,191,saved_final_success_or_saved_final_action_success,bowl_on_plate_4.pkl
4,bowl_on_plate,119,demo_119,186,saved_final_success_or_saved_final_action_success,bowl_on_plate_4.pkl
4,bowl_on_plate,120,demo_120,178,saved_final_success_or_saved_final_action_success,bowl_on_plate_4.pkl
4,bowl_on_plate,121,demo_121,184,saved_final_success_or_saved_final_action_success,bowl_on_plate_4.pkl
4,bowl_on_plate,122,demo_122,185,saved_final_success_or_saved_final_action_success,bowl_on_plate_4.pkl
4,bowl_on_plate,123,demo_123,186,saved_final_success_or_saved_final_action_success,bowl_on_plate_4.pkl
4,bowl_on_plate,124,demo_124,197,saved_final_success_or_saved_final_action_success,bowl_on_plate_4.pkl
4,bowl_on_plate,125,demo_125,193,saved_final_success_or_saved_final_action_success,bowl_on_plate_4.pkl
4,bowl_on_plate,126,demo_126,177,saved_final_success_or_saved_final_action_success,bowl_on_plate_4.pkl
4,bowl_on_plate,128,demo_128,197,saved_final_success_or_saved_final_action_success,bowl_on_plate_4.pkl
4,bowl_on_plate,129,demo_129,193,saved_final_success_or_saved_final_action_success,bowl_on_plate_4.pkl
4,bowl_on_plate,130,demo_130,188,saved_final_success_or_saved_final_action_success,bowl_on_plate_4.pkl
4,bowl_on_plate,131,demo_131,172,saved_final_success_or_saved_final_action_success,bowl_on_plate_4.pkl
4,bowl_on_plate,132,demo_132,186,saved_final_success_or_saved_final_action_success,bowl_on_plate_4.pkl
4,bowl_on_plate,133,demo_133,197,saved_final_success_or_saved_final_action_success,bowl_on_plate_4.pkl
4,bowl_on_plate,134,demo_134,195,saved_final_success_or_saved_final_action_success,bowl_on_plate_4.pkl
4,bowl_on_plate,135,demo_135,172,saved_final_success_or_saved_final_action_success,bowl_on_plate_4.pkl
4,bowl_on_plate,136,demo_136,191,saved_final_success_or_saved_final_action_success,bowl_on_plate_4.pkl
4,bowl_on_plate,137,demo_137,177,saved_final_success_or_saved_final_action_success,bowl_on_plate_4.pkl
4,bowl_on_plate,138,demo_138,177,saved_final_success_or_saved_final_action_success,bowl_on_plate_4.pkl
4,bowl_on_plate,139,demo_139,190,saved_final_success_or_saved_final_action_success,bowl_on_plate_4.pkl
4,bowl_on_plate,140,demo_140,176,saved_final_success_or_saved_final_action_success,bowl_on_plate_4.pkl
4,bowl_on_plate,141,demo_141,175,saved_final_success_or_saved_final_action_success,bowl_on_plate_4.pkl
4,bowl_on_plate,142,demo_142,195,saved_final_success_or_saved_final_action_success,bowl_on_plate_4.pkl
4,bowl_on_plate,143,demo_143,183,saved_final_success_or_saved_final_action_success,bowl_on_plate_4.pkl
4,bowl_on_plate,144,demo_144,186,saved_final_success_or_saved_final_action_success,bowl_on_plate_4.pkl
4,bowl_on_plate,145,demo_145,186,saved_final_success_or_saved_final_action_success,bowl_on_plate_4.pkl
4,bowl_on_plate,146,demo_146,169,saved_final_success_or_saved_final_action_success,bowl_on_plate_4.pkl
4,bowl_on_plate,147,demo_147,177,saved_final_success_or_saved_final_action_success,bowl_on_plate_4.pkl
4,bowl_on_plate,148,demo_148,181,saved_final_success_or_saved_final_action_success,bowl_on_plate_4.pkl
4,bowl_on_plate,149,demo_149,184,saved_final_success_or_saved_final_action_success,bowl_on_plate_4.pkl
4,bowl_on_plate,150,demo_150,191,saved_final_success_or_saved_final_action_success,bowl_on_plate_4.pkl
4,bowl_on_plate,151,demo_151,197,saved_final_success_or_saved_final_action_success,bowl_on_plate_4.pkl
4,bowl_on_plate,152,demo_152,184,saved_final_success_or_saved_final_action_success,bowl_on_plate_4.pkl
4,bowl_on_plate,153,demo_153,182,saved_final_success_or_saved_final_action_success,bowl_on_plate_4.pkl
4,bowl_on_plate,154,demo_154,197,saved_final_success_or_saved_final_action_success,bowl_on_plate_4.pkl
4,bowl_on_plate,155,demo_155,190,saved_final_success_or_saved_final_action_success,bowl_on_plate_4.pkl
4,bowl_on_plate,156,demo_156,177,saved_final_success_or_saved_final_action_success,bowl_on_plate_4.pkl
4,bowl_on_plate,157,demo_157,177,saved_final_success_or_saved_final_action_success,bowl_on_plate_4.pkl
4,bowl_on_plate,158,demo_158,199,saved_final_success_or_saved_final_action_success,bowl_on_plate_4.pkl
4,bowl_on_plate,159,demo_159,186,saved_final_success_or_saved_final_action_success,bowl_on_plate_4.pkl
4,bowl_on_plate,160,demo_160,180,saved_final_success_or_saved_final_action_success,bowl_on_plate_4.pkl
4,bowl_on_plate,161,demo_161,179,saved_final_success_or_saved_final_action_success,bowl_on_plate_4.pkl
4,bowl_on_plate,162,demo_162,184,saved_final_success_or_saved_final_action_success,bowl_on_plate_4.pkl
4,bowl_on_plate,163,demo_163,197,saved_final_success_or_saved_final_action_success,bowl_on_plate_4.pkl
4,bowl_on_plate,164,demo_164,177,saved_final_success_or_saved_final_action_success,bowl_on_plate_4.pkl
4,bowl_on_plate,165,demo_165,197,saved_final_success_or_saved_final_action_success,bowl_on_plate_4.pkl
4,bowl_on_plate,166,demo_166,184,saved_final_success_or_saved_final_action_success,bowl_on_plate_4.pkl
4,bowl_on_plate,167,demo_167,181,saved_final_success_or_saved_final_action_success,bowl_on_plate_4.pkl
4,bowl_on_plate,168,demo_168,177,saved_final_success_or_saved_final_action_success,bowl_on_plate_4.pkl
4,bowl_on_plate,169,demo_169,182,saved_final_success_or_saved_final_action_success,bowl_on_plate_4.pkl
4,bowl_on_plate,170,demo_170,186,saved_final_success_or_saved_final_action_success,bowl_on_plate_4.pkl
4,bowl_on_plate,171,demo_171,185,saved_final_success_or_saved_final_action_success,bowl_on_plate_4.pkl
4,bowl_on_plate,172,demo_172,184,saved_final_success_or_saved_final_action_success,bowl_on_plate_4.pkl
4,bowl_on_plate,173,demo_173,177,saved_final_success_or_saved_final_action_success,bowl_on_plate_4.pkl
4,bowl_on_plate,174,demo_174,189,saved_final_success_or_saved_final_action_success,bowl_on_plate_4.pkl
4,bowl_on_plate,175,demo_175,187,saved_final_success_or_saved_final_action_success,bowl_on_plate_4.pkl
4,bowl_on_plate,176,demo_176,177,saved_final_success_or_saved_final_action_success,bowl_on_plate_4.pkl
4,bowl_on_plate,177,demo_177,177,saved_final_success_or_saved_final_action_success,bowl_on_plate_4.pkl
4,bowl_on_plate,178,demo_178,174,saved_final_success_or_saved_final_action_success,bowl_on_plate_4.pkl
4,bowl_on_plate,179,demo_179,180,saved_final_success_or_saved_final_action_success,bowl_on_plate_4.pkl
4,bowl_on_plate,180,demo_180,197,saved_final_success_or_saved_final_action_success,bowl_on_plate_4.pkl
4,bowl_on_plate,181,demo_181,191,saved_final_success_or_saved_final_action_success,bowl_on_plate_4.pkl
4,bowl_on_plate,182,demo_182,177,saved_final_success_or_saved_final_action_success,bowl_on_plate_4.pkl
4,bowl_on_plate,183,demo_183,181,saved_final_success_or_saved_final_action_success,bowl_on_plate_4.pkl
4,bowl_on_plate,184,demo_184,171,saved_final_success_or_saved_final_action_success,bowl_on_plate_4.pkl
4,bowl_on_plate,185,demo_185,194,saved_final_success_or_saved_final_action_success,bowl_on_plate_4.pkl
4,bowl_on_plate,186,demo_186,181,saved_final_success_or_saved_final_action_success,bowl_on_plate_4.pkl
4,bowl_on_plate,188,demo_188,178,saved_final_success_or_saved_final_action_success,bowl_on_plate_4.pkl
4,bowl_on_plate,189,demo_189,179,saved_final_success_or_saved_final_action_success,bowl_on_plate_4.pkl
4,bowl_on_plate,190,demo_190,192,saved_final_success_or_saved_final_action_success,bowl_on_plate_4.pkl
4,bowl_on_plate,191,demo_191,174,saved_final_success_or_saved_final_action_success,bowl_on_plate_4.pkl
4,bowl_on_plate,192,demo_192,197,saved_final_success_or_saved_final_action_success,bowl_on_plate_4.pkl
4,bowl_on_plate,193,demo_193,184,saved_final_success_or_saved_final_action_success,bowl_on_plate_4.pkl
4,bowl_on_plate,194,demo_194,194,saved_final_success_or_saved_final_action_success,bowl_on_plate_4.pkl
4,bowl_on_plate,195,demo_195,177,saved_final_success_or_saved_final_action_success,bowl_on_plate_4.pkl
4,bowl_on_plate,196,demo_196,197,saved_final_success_or_saved_final_action_success,bowl_on_plate_4.pkl
4,bowl_on_plate,197,demo_197,184,saved_final_success_or_saved_final_action_success,bowl_on_plate_4.pkl
4,bowl_on_plate,198,demo_198,186,saved_final_success_or_saved_final_action_success,bowl_on_plate_4.pkl
4,bowl_on_plate,199,demo_199,189,saved_final_success_or_saved_final_action_success,bowl_on_plate_4.pkl
4,bowl_on_plate,200,demo_200,185,saved_final_success_or_saved_final_action_success,bowl_on_plate_4.pkl
4,bowl_on_plate,201,demo_201,182,saved_final_success_or_saved_final_action_success,bowl_on_plate_4.pkl
4,bowl_on_plate,202,demo_202,181,saved_final_success_or_saved_final_action_success,bowl_on_plate_4.pkl
4,bowl_on_plate,203,demo_203,185,saved_final_success_or_saved_final_action_success,bowl_on_plate_4.pkl
4,bowl_on_plate,204,demo_204,177,saved_final_success_or_saved_final_action_success,bowl_on_plate_4.pkl
4,bowl_on_plate,205,demo_205,176,saved_final_success_or_saved_final_action_success,bowl_on_plate_4.pkl
4,bowl_on_plate,206,demo_206,183,saved_final_success_or_saved_final_action_success,bowl_on_plate_4.pkl
4,bowl_on_plate,208,demo_208,197,saved_final_success_or_saved_final_action_success,bowl_on_plate_4.pkl
4,bowl_on_plate,209,demo_209,194,saved_final_success_or_saved_final_action_success,bowl_on_plate_4.pkl
4,bowl_on_plate,210,demo_210,170,saved_final_success_or_saved_final_action_success,bowl_on_plate_4.pkl
4,bowl_on_plate,211,demo_211,184,saved_final_success_or_saved_final_action_success,bowl_on_plate_4.pkl
4,bowl_on_plate,212,demo_212,191,saved_final_success_or_saved_final_action_success,bowl_on_plate_4.pkl
4,bowl_on_plate,213,demo_213,187,saved_final_success_or_saved_final_action_success,bowl_on_plate_4.pkl
4,bowl_on_plate,214,demo_214,188,saved_final_success_or_saved_final_action_success,bowl_on_plate_4.pkl
4,bowl_on_plate,215,demo_215,179,saved_final_success_or_saved_final_action_success,bowl_on_plate_4.pkl
4,bowl_on_plate,216,demo_216,180,saved_final_success_or_saved_final_action_success,bowl_on_plate_4.pkl
4,bowl_on_plate,217,demo_217,188,saved_final_success_or_saved_final_action_success,bowl_on_plate_4.pkl
4,bowl_on_plate,218,demo_218,187,saved_final_success_or_saved_final_action_success,bowl_on_plate_4.pkl
4,bowl_on_plate,219,demo_219,184,saved_final_success_or_saved_final_action_success,bowl_on_plate_4.pkl
4,bowl_on_plate,220,demo_220,197,saved_final_success_or_saved_final_action_success,bowl_on_plate_4.pkl
4,bowl_on_plate,221,demo_221,184,saved_final_success_or_saved_final_action_success,bowl_on_plate_4.pkl
4,bowl_on_plate,222,demo_222,177,saved_final_success_or_saved_final_action_success,bowl_on_plate_4.pkl
4,bowl_on_plate,223,demo_223,176,saved_final_success_or_saved_final_action_success,bowl_on_plate_4.pkl
4,bowl_on_plate,224,demo_224,194,saved_final_success_or_saved_final_action_success,bowl_on_plate_4.pkl
4,bowl_on_plate,225,demo_225,177,saved_final_success_or_saved_final_action_success,bowl_on_plate_4.pkl
4,bowl_on_plate,226,demo_226,184,saved_final_success_or_saved_final_action_success,bowl_on_plate_4.pkl
4,bowl_on_plate,227,demo_227,185,saved_final_success_or_saved_final_action_success,bowl_on_plate_4.pkl
4,bowl_on_plate,228,demo_228,183,saved_final_success_or_saved_final_action_success,bowl_on_plate_4.pkl
4,bowl_on_plate,229,demo_229,184,saved_final_success_or_saved_final_action_success,bowl_on_plate_4.pkl
4,bowl_on_plate,230,demo_230,169,saved_final_success_or_saved_final_action_success,bowl_on_plate_4.pkl
4,bowl_on_plate,231,demo_231,177,saved_final_success_or_saved_final_action_success,bowl_on_plate_4.pkl
4,bowl_on_plate,232,demo_232,177,saved_final_success_or_saved_final_action_success,bowl_on_plate_4.pkl
4,bowl_on_plate,233,demo_233,188,saved_final_success_or_saved_final_action_success,bowl_on_plate_4.pkl
4,bowl_on_plate,234,demo_234,177,saved_final_success_or_saved_final_action_success,bowl_on_plate_4.pkl
4,bowl_on_plate,235,demo_235,194,saved_final_success_or_saved_final_action_success,bowl_on_plate_4.pkl
4,bowl_on_plate,236,demo_236,190,saved_final_success_or_saved_final_action_success,bowl_on_plate_4.pkl
4,bowl_on_plate,237,demo_237,184,saved_final_success_or_saved_final_action_success,bowl_on_plate_4.pkl
4,bowl_on_plate,238,demo_238,184,saved_final_success_or_saved_final_action_success,bowl_on_plate_4.pkl
4,bowl_on_plate,239,demo_239,178,saved_final_success_or_saved_final_action_success,bowl_on_plate_4.pkl
4,bowl_on_plate,240,demo_240,184,saved_final_success_or_saved_final_action_success,bowl_on_plate_4.pkl
4,bowl_on_plate,241,demo_241,184,saved_final_success_or_saved_final_action_success,bowl_on_plate_4.pkl
4,bowl_on_plate,242,demo_242,197,saved_final_success_or_saved_final_action_success,bowl_on_plate_4.pkl
4,bowl_on_plate,243,demo_243,197,saved_final_success_or_saved_final_action_success,bowl_on_plate_4.pkl
4,bowl_on_plate,244,demo_244,178,saved_final_success_or_saved_final_action_success,bowl_on_plate_4.pkl
4,bowl_on_plate,245,demo_245,175,saved_final_success_or_saved_final_action_success,bowl_on_plate_4.pkl
4,bowl_on_plate,246,demo_246,168,saved_final_success_or_saved_final_action_success,bowl_on_plate_4.pkl
4,bowl_on_plate,247,demo_247,184,saved_final_success_or_saved_final_action_success,bowl_on_plate_4.pkl
4,bowl_on_plate,248,demo_248,184,saved_final_success_or_saved_final_action_success,bowl_on_plate_4.pkl
4,bowl_on_plate,249,demo_249,197,saved_final_success_or_saved_final_action_success,bowl_on_plate_4.pkl
4,bowl_on_plate,251,demo_251,192,saved_final_success_or_saved_final_action_success,bowl_on_plate_4.pkl
4,bowl_on_plate,252,demo_252,188,saved_final_success_or_saved_final_action_success,bowl_on_plate_4.pkl
4,bowl_on_plate,253,demo_253,177,saved_final_success_or_saved_final_action_success,bowl_on_plate_4.pkl
4,bowl_on_plate,254,demo_254,197,saved_final_success_or_saved_final_action_success,bowl_on_plate_4.pkl
4,bowl_on_plate,255,demo_255,177,saved_final_success_or_saved_final_action_success,bowl_on_plate_4.pkl
4,bowl_on_plate,256,demo_256,177,saved_final_success_or_saved_final_action_success,bowl_on_plate_4.pkl
4,bowl_on_plate,257,demo_257,200,saved_final_success_or_saved_final_action_success,bowl_on_plate_4.pkl
4,bowl_on_plate,258,demo_258,187,saved_final_success_or_saved_final_action_success,bowl_on_plate_4.pkl
4,bowl_on_plate,259,demo_259,181,saved_final_success_or_saved_final_action_success,bowl_on_plate_4.pkl
4,bowl_on_plate,260,demo_260,183,saved_final_success_or_saved_final_action_success,bowl_on_plate_4.pkl
4,bowl_on_plate,261,demo_261,177,saved_final_success_or_saved_final_action_success,bowl_on_plate_4.pkl
4,bowl_on_plate,262,demo_262,184,saved_final_success_or_saved_final_action_success,bowl_on_plate_4.pkl
4,bowl_on_plate,263,demo_263,187,saved_final_success_or_saved_final_action_success,bowl_on_plate_4.pkl
4,bowl_on_plate,264,demo_264,197,saved_final_success_or_saved_final_action_success,bowl_on_plate_4.pkl
4,bowl_on_plate,265,demo_265,183,saved_final_success_or_saved_final_action_success,bowl_on_plate_4.pkl
4,bowl_on_plate,266,demo_266,183,saved_final_success_or_saved_final_action_success,bowl_on_plate_4.pkl
4,bowl_on_plate,268,demo_268,199,saved_final_success_or_saved_final_action_success,bowl_on_plate_4.pkl
4,bowl_on_plate,269,demo_269,177,saved_final_success_or_saved_final_action_success,bowl_on_plate_4.pkl
4,bowl_on_plate,270,demo_270,179,saved_final_success_or_saved_final_action_success,bowl_on_plate_4.pkl
4,bowl_on_plate,271,demo_271,177,saved_final_success_or_saved_final_action_success,bowl_on_plate_4.pkl
4,bowl_on_plate,272,demo_272,170,saved_final_success_or_saved_final_action_success,bowl_on_plate_4.pkl
4,bowl_on_plate,273,demo_273,177,saved_final_success_or_saved_final_action_success,bowl_on_plate_4.pkl
4,bowl_on_plate,274,demo_274,177,saved_final_success_or_saved_final_action_success,bowl_on_plate_4.pkl
4,bowl_on_plate,275,demo_275,176,saved_final_success_or_saved_final_action_success,bowl_on_plate_4.pkl
4,bowl_on_plate,276,demo_276,186,saved_final_success_or_saved_final_action_success,bowl_on_plate_4.pkl
4,bowl_on_plate,277,demo_277,191,saved_final_success_or_saved_final_action_success,bowl_on_plate_4.pkl
4,bowl_on_plate,278,demo_278,197,saved_final_success_or_saved_final_action_success,bowl_on_plate_4.pkl
4,bowl_on_plate,279,demo_279,181,saved_final_success_or_saved_final_action_success,bowl_on_plate_4.pkl
4,bowl_on_plate,280,demo_280,177,saved_final_success_or_saved_final_action_success,bowl_on_plate_4.pkl
4,bowl_on_plate,281,demo_281,197,saved_final_success_or_saved_final_action_success,bowl_on_plate_4.pkl
4,bowl_on_plate,282,demo_282,183,saved_final_success_or_saved_final_action_success,bowl_on_plate_4.pkl
4,bowl_on_plate,283,demo_283,185,saved_final_success_or_saved_final_action_success,bowl_on_plate_4.pkl
4,bowl_on_plate,284,demo_284,185,saved_final_success_or_saved_final_action_success,bowl_on_plate_4.pkl
4,bowl_on_plate,285,demo_285,192,saved_final_success_or_saved_final_action_success,bowl_on_plate_4.pkl
4,bowl_on_plate,287,demo_287,190,saved_final_success_or_saved_final_action_success,bowl_on_plate_4.pkl
4,bowl_on_plate,288,demo_288,189,saved_final_success_or_saved_final_action_success,bowl_on_plate_4.pkl
4,bowl_on_plate,289,demo_289,191,saved_final_success_or_saved_final_action_success,bowl_on_plate_4.pkl
4,bowl_on_plate,290,demo_290,190,saved_final_success_or_saved_final_action_success,bowl_on_plate_4.pkl
4,bowl_on_plate,291,demo_291,184,saved_final_success_or_saved_final_action_success,bowl_on_plate_4.pkl
4,bowl_on_plate,293,demo_293,177,saved_final_success_or_saved_final_action_success,bowl_on_plate_4.pkl
4,bowl_on_plate,294,demo_294,177,saved_final_success_or_saved_final_action_success,bowl_on_plate_4.pkl
4,bowl_on_plate,295,demo_295,190,saved_final_success_or_saved_final_action_success,bowl_on_plate_4.pkl
4,bowl_on_plate,296,demo_296,178,saved_final_success_or_saved_final_action_success,bowl_on_plate_4.pkl
4,bowl_on_plate,297,demo_297,196,saved_final_success_or_saved_final_action_success,bowl_on_plate_4.pkl
4,bowl_on_plate,298,demo_298,172,saved_final_success_or_saved_final_action_success,bowl_on_plate_4.pkl
