scenario_id,layout,episode_key,episode_index,source_artifact,source_artifact_sha256,source_pkl,source_pkl_sha256,model_xml,model_xml_sha256,initial_state_sha256,object_template_sha256
v1r_2k_trainfit_l1_demo_2,1,demo_2,0,outputs/v1r/sequential_success_demos_2k_quantized_at_source/layout_1_demo_002_attempt_002.npz,6421e6d42cd06b6c10378e5785b03fee6c804abd58d3c45da80248c5a58b4fd7,outputs/v1r/b1_2k_point_pkls_f/bowl_on_plate_1.pkl,d6798e425b4362eb0e2e2b57aef74be02898ceb113b3815648462b571b1e579a,outputs/v1r/sequential_success_demos_2k_quantized_at_source/layout_1_demo_002_attempt_002.xml,2a2163d7f28aba5b826a505a5129be8aff47f78d89bc33375144c9e37d86a02a,310d1f454c978a1b547be6fa517a01c7c2c10e0a321395761ca8cb6dd74537f7,93bf180f1d4b856c275c1d45f84c36c5e74b7e059411f6c2ad627b12ad166a04
v1r_2k_trainfit_l1_demo_3,1,demo_3,1,outputs/v1r/sequential_success_demos_2k_quantized_at_source/layout_1_demo_003_attempt_003.npz,bda96d65fe1d9eaf014b9a8ef851bb05fc010797156c88bedd6ceb8e1a700e27,outputs/v1r/b1_2k_point_pkls_f/bowl_on_plate_1.pkl,d6798e425b4362eb0e2e2b57aef74be02898ceb113b3815648462b571b1e579a,outputs/v1r/sequential_success_demos_2k_quantized_at_source/layout_1_demo_003_attempt_003.xml,2a2163d7f28aba5b826a505a5129be8aff47f78d89bc33375144c9e37d86a02a,43d7d4779dc52ac954334030a199098c9f0238a02a0ef72b62d4a18745c279ae,3457ac1eca72a617acd70714c04e96e746eb8905114c094c12c7c7a43680f6b9
v1r_2k_trainfit_l1_demo_18,1,demo_18,2,outputs/v1r/sequential_success_demos_2k_quantized_at_source/layout_1_demo_018_attempt_016.npz,74086f27ba8a324bcefe957734808c903a79ca195c067bab4e34507c18e92551,outputs/v1r/b1_2k_point_pkls_f/bowl_on_plate_1.pkl,d6798e425b4362eb0e2e2b57aef74be02898ceb113b3815648462b571b1e579a,outputs/v1r/sequential_success_demos_2k_quantized_at_source/layout_1_demo_018_attempt_016.xml,2a2163d7f28aba5b826a505a5129be8aff47f78d89bc33375144c9e37d86a02a,e706bdd60bb74246b9298350f09fde8af3357a28cf626ae13c8b3ccd8c4540a9,9614e685a651cf9ca694c653e245f4d79702cd642191670faae3513531ef5f67
v1r_2k_trainfit_l1_demo_21,1,demo_21,3,outputs/v1r/sequential_success_demos_2k_quantized_at_source/layout_1_demo_021_attempt_019.npz,bacde9b824b3ece62dbd304233ea9cd62d78aa50bf2d0d633b5abc6acfef8686,outputs/v1r/b1_2k_point_pkls_f/bowl_on_plate_1.pkl,d6798e425b4362eb0e2e2b57aef74be02898ceb113b3815648462b571b1e579a,outputs/v1r/sequential_success_demos_2k_quantized_at_source/layout_1_demo_021_attempt_019.xml,2a2163d7f28aba5b826a505a5129be8aff47f78d89bc33375144c9e37d86a02a,6ec12bb956254096791995964ab5c357235219670983fa608c33529c8852af55,a187a9fafe1dfa97ee7d8e145fc2ecfeca4708ec62add4c1548c0acb8bbc0e83
v1r_2k_trainfit_l1_demo_25,1,demo_25,4,outputs/v1r/sequential_success_demos_2k_quantized_at_source/layout_1_demo_025_attempt_022.npz,5692252e9992079acd76fde4823e195e395de80eea6460b061a697bc61bc23cd,outputs/v1r/b1_2k_point_pkls_f/bowl_on_plate_1.pkl,d6798e425b4362eb0e2e2b57aef74be02898ceb113b3815648462b571b1e579a,outputs/v1r/sequential_success_demos_2k_quantized_at_source/layout_1_demo_025_attempt_022.xml,2a2163d7f28aba5b826a505a5129be8aff47f78d89bc33375144c9e37d86a02a,b5a829d05df42e677f6f350a65d4285237fc0b4d5135c459f2d984ed647bd85a,0cffb18e8377e6dbf9c0c5632dfa8d390f4f38cb86e0cf2a8d85b14b1a0ed8f1
v1r_2k_trainfit_l2_demo_27,2,demo_27,0,outputs/v1r/sequential_success_demos_2k_quantized_at_source/layout_2_demo_027_attempt_024.npz,7e9607c5e5281cece1e92cc92bf78adf80076259f1d65b77f8b9e43d27e726d3,outputs/v1r/b1_2k_point_pkls_f/bowl_on_plate_2.pkl,356f27f6f18313d469c3b4e96b1dde5df5e01b62fba79b1bdc143764c39678fe,outputs/v1r/sequential_success_demos_2k_quantized_at_source/layout_2_demo_027_attempt_024.xml,3abb7fb5e0738347d4db7dcf4172f737696399a5bbfa248c241c55b59ca768fb,38582040c9bf0e1957ef033aac0c4fefe5ad42625ba163394aa773071d156d9d,3a43b22617e0a5dc1e3cbd9061746e0d9429a4e4541476d3f8b52bcc8f56681c
v1r_2k_trainfit_l2_demo_32,2,demo_32,1,outputs/v1r/sequential_success_demos_2k_quantized_at_source/layout_2_demo_032_attempt_025.npz,2235d0f7e4cc51712e432432f9c5a7b22e6e136d3358662b7ce75fef24792044,outputs/v1r/b1_2k_point_pkls_f/bowl_on_plate_2.pkl,356f27f6f18313d469c3b4e96b1dde5df5e01b62fba79b1bdc143764c39678fe,outputs/v1r/sequential_success_demos_2k_quantized_at_source/layout_2_demo_032_attempt_025.xml,3abb7fb5e0738347d4db7dcf4172f737696399a5bbfa248c241c55b59ca768fb,820471ae9cc894ff2b81712c27a2d5df85596ccf6130e7c0b17cd35cda661d01,6273557def89e3b6436760ec1d92c51c3413700ee1a7f1e93f1ce703a428f80c
v1r_2k_trainfit_l2_demo_33,2,demo_33,2,outputs/v1r/sequential_success_demos_2k_quantized_at_source/layout_2_demo_033_attempt_026.npz,162e8ad1f4c3aa1eccd594254d2bae8cff7cfdd0d70ead87f6ed0664b37e9c18,outputs/v1r/b1_2k_point_pkls_f/bowl_on_plate_2.pkl,356f27f6f18313d469c3b4e96b1dde5df5e01b62fba79b1bdc143764c39678fe,outputs/v1r/sequential_success_demos_2k_quantized_at_source/layout_2_demo_033_attempt_026.xml,3abb7fb5e0738347d4db7dcf4172f737696399a5bbfa248c241c55b59ca768fb,0f8af70444b00d7c368442f7d2d2848d8d4808c0ce05bb48279461d41924ef17,c72455636f4fb773ece2b44c5923e06b54df2b13e9b61720b5de8cf0c66d86d7
v1r_2k_trainfit_l2_demo_59,2,demo_59,3,outputs/v1r/sequential_success_demos_2k_quantized_at_source/layout_2_demo_059_attempt_028.npz,40ab69444ea23f0642b9a9c70787f5505c91ca1604c831bfcf5233abda8075bf,outputs/v1r/b1_2k_point_pkls_f/bowl_on_plate_2.pkl,356f27f6f18313d469c3b4e96b1dde5df5e01b62fba79b1bdc143764c39678fe,outputs/v1r/sequential_success_demos_2k_quantized_at_source/layout_2_demo_059_attempt_028.xml,3abb7fb5e0738347d4db7dcf4172f737696399a5bbfa248c241c55b59ca768fb,c2b01a12915d1cca3c858eb6b9891129796e244830674cfd1d171e72770c24b4,44a682e3312108887e906beb0a3248cf67ae6b106aca501f1fa2b7d33c29542d
v1r_2k_trainfit_l2_demo_73,2,demo_73,4,outputs/v1r/sequential_success_demos_2k_quantized_at_source/layout_2_demo_073_attempt_031.npz,136eb63586043806a7e497960b38dfc66dc5276a1e44b984000944639dcb4c76,outputs/v1r/b1_2k_point_pkls_f/bowl_on_plate_2.pkl,356f27f6f18313d469c3b4e96b1dde5df5e01b62fba79b1bdc143764c39678fe,outputs/v1r/sequential_success_demos_2k_quantized_at_source/layout_2_demo_073_attempt_031.xml,3abb7fb5e0738347d4db7dcf4172f737696399a5bbfa248c241c55b59ca768fb,e7109d5eaa0beb8892e293878fac7b3ef0deb37d7a90ed53cf77faea32be40cc,fb13c896ab87b783ce1add0ebd400a12fcaf95c2c7edaa2fd665327fd88f749c
v1r_2k_trainfit_l3_demo_0,3,demo_0,0,outputs/v1r/sequential_success_demos_2k_quantized_at_source/layout_3_demo_000_attempt_032.npz,d1bbef9b5064b78870e5b93b4cd4af84a67fa36b1f1b151342089139b04f55cb,outputs/v1r/b1_2k_point_pkls_f/bowl_on_plate_3.pkl,70a492e05cba66b8e4c7cebc59b5289bfe47e0da2af829c2c8deb5ffb6e91d9b,outputs/v1r/sequential_success_demos_2k_quantized_at_source/layout_3_demo_000_attempt_032.xml,af0edc8069c72015908def32b95befcda162f3a47bed439f5a91e246c3a1f265,40793e49525dfe62eca78fa4f74203dc911f904083393070a12cae68ab902485,c30e74052dff2f43ff329e0b89cd3f7aa1c6dcf5eaaa08253b2e170dc858aad4
v1r_2k_trainfit_l3_demo_3,3,demo_3,1,outputs/v1r/sequential_success_demos_2k_quantized_at_source/layout_3_demo_003_attempt_033.npz,b47f21140a38a9e9d8fef8bcfe3470c773dcd931e6d3bb320aeffa8487941c40,outputs/v1r/b1_2k_point_pkls_f/bowl_on_plate_3.pkl,70a492e05cba66b8e4c7cebc59b5289bfe47e0da2af829c2c8deb5ffb6e91d9b,outputs/v1r/sequential_success_demos_2k_quantized_at_source/layout_3_demo_003_attempt_033.xml,af0edc8069c72015908def32b95befcda162f3a47bed439f5a91e246c3a1f265,5e1eee5298497c05d8bf68b20209429058d199895a46cd581258457c96f0fa5a,3f5a266dade3f367b99a64f3e882ea7fc1c810ebee71a0cd6a6af4288ce55e60
v1r_2k_trainfit_l3_demo_5,3,demo_5,2,outputs/v1r/sequential_success_demos_2k_quantized_at_source/layout_3_demo_005_attempt_034.npz,4a9b71c8760f878c27836645f9aeb4ef7e3047fac7d0a9d67de1335d75c7ffc8,outputs/v1r/b1_2k_point_pkls_f/bowl_on_plate_3.pkl,70a492e05cba66b8e4c7cebc59b5289bfe47e0da2af829c2c8deb5ffb6e91d9b,outputs/v1r/sequential_success_demos_2k_quantized_at_source/layout_3_demo_005_attempt_034.xml,af0edc8069c72015908def32b95befcda162f3a47bed439f5a91e246c3a1f265,7e9aa94b14b282b22bfa14445553ca944b50209f7eb4877828f497eecae3a145,fbf75553d48acb23ac94f5858a5cb1dcdafb19459e564e454ed5c52c8645cf30
v1r_2k_trainfit_l3_demo_6,3,demo_6,3,outputs/v1r/sequential_success_demos_2k_quantized_at_source/layout_3_demo_006_attempt_035.npz,a0a6b23fd9e5219daa91937e0fec29656e5d8788fee85492657146c697aab5a4,outputs/v1r/b1_2k_point_pkls_f/bowl_on_plate_3.pkl,70a492e05cba66b8e4c7cebc59b5289bfe47e0da2af829c2c8deb5ffb6e91d9b,outputs/v1r/sequential_success_demos_2k_quantized_at_source/layout_3_demo_006_attempt_035.xml,af0edc8069c72015908def32b95befcda162f3a47bed439f5a91e246c3a1f265,ef5a3d3f1aeab804eba2f84a47c5404eacb34f764728e27663eb51208471f339,53ffd00480f27ba4bdf7caf7ed778f32ab33049bad2265c8c5a719c5c151f2a2
v1r_2k_trainfit_l3_demo_10,3,demo_10,4,outputs/v1r/sequential_success_demos_2k_quantized_at_source/layout_3_demo_010_attempt_036.npz,cb6f39cebd9f68a3e24f0dc3b595de49a7f3317f008d5ae9c040a8455a62693b,outputs/v1r/b1_2k_point_pkls_f/bowl_on_plate_3.pkl,70a492e05cba66b8e4c7cebc59b5289bfe47e0da2af829c2c8deb5ffb6e91d9b,outputs/v1r/sequential_success_demos_2k_quantized_at_source/layout_3_demo_010_attempt_036.xml,af0edc8069c72015908def32b95befcda162f3a47bed439f5a91e246c3a1f265,ab7295b30552b88ae63942da90a32231058faecd0825805645257b6f633900ae,daf9f547fb144adc73cd68af5a08008cabed55cf43c1cc4229ca391157363b7b
v1r_2k_trainfit_l4_demo_0,4,demo_0,0,outputs/v1r/sequential_success_demos_2k_quantized_at_source/layout_4_demo_000_attempt_037.npz,c6a7e1974dd42e3dce0aeb61429cf852eceede52e507923eb388167ba1e6b636,outputs/v1r/b1_2k_point_pkls_f/bowl_on_plate_4.pkl,daf59d2ceca1a67c1db76f32d37f7fc05b3bd2d459e9eee91b19b8c04e2d7c6a,outputs/v1r/sequential_success_demos_2k_quantized_at_source/layout_4_demo_000_attempt_037.xml,0497706de31e4ceacdca26939cf6986ba3fbcc9dc3759341a24ad067edd7d049,7e2ee4bc4c88c89cbbe28d5db1f873d782e0f45546640fcf3b85bc6272dda6f0,ec0ea4be7f1524c9aa1274c9f3258f25910e5e27cb81ac91c99979faf558bca6
v1r_2k_trainfit_l4_demo_1,4,demo_1,1,outputs/v1r/sequential_success_demos_2k_quantized_at_source/layout_4_demo_001_attempt_038.npz,d079e11d3b04ac05ff58f3601d8433d2fcf54337cc82d4164c2f93421286de1d,outputs/v1r/b1_2k_point_pkls_f/bowl_on_plate_4.pkl,daf59d2ceca1a67c1db76f32d37f7fc05b3bd2d459e9eee91b19b8c04e2d7c6a,outputs/v1r/sequential_success_demos_2k_quantized_at_source/layout_4_demo_001_attempt_038.xml,0497706de31e4ceacdca26939cf6986ba3fbcc9dc3759341a24ad067edd7d049,d31735014b0031d22779915e0571cb27bc935fc30f35481c5c39611f4ae92349,6350db156070b8afe722b74566bf716112f3e32226b7c96507d879c0db663348
v1r_2k_trainfit_l4_demo_2,4,demo_2,2,outputs/v1r/sequential_success_demos_2k_quantized_at_source/layout_4_demo_002_attempt_039.npz,92ff00c529c6570903d09f9aa4462abf024aee1b9437fde3a7c9d6429ca3ed92,outputs/v1r/b1_2k_point_pkls_f/bowl_on_plate_4.pkl,daf59d2ceca1a67c1db76f32d37f7fc05b3bd2d459e9eee91b19b8c04e2d7c6a,outputs/v1r/sequential_success_demos_2k_quantized_at_source/layout_4_demo_002_attempt_039.xml,0497706de31e4ceacdca26939cf6986ba3fbcc9dc3759341a24ad067edd7d049,fae35d1ac239adc94d568076376ad2b3c0b170e7f812f4c13e24e4fdafc598a6,a56d38a2909d39656fabb1401bb2ebd2127a996839b5db800e3969b633050efc
v1r_2k_trainfit_l4_demo_5,4,demo_5,3,outputs/v1r/sequential_success_demos_2k_quantized_at_source/layout_4_demo_005_attempt_040.npz,31324e845f1d4c14d404cab714c3fd1cbc4677fc1521c9ecd3b774fc388e27d5,outputs/v1r/b1_2k_point_pkls_f/bowl_on_plate_4.pkl,daf59d2ceca1a67c1db76f32d37f7fc05b3bd2d459e9eee91b19b8c04e2d7c6a,outputs/v1r/sequential_success_demos_2k_quantized_at_source/layout_4_demo_005_attempt_040.xml,0497706de31e4ceacdca26939cf6986ba3fbcc9dc3759341a24ad067edd7d049,40616cd019e2b30a8cd2a8ff8c439ae16ee7bf0cb5dca4792d53e8dc24e8d744,115f530cc8c30dd2363a641810657902ce75e042ed8b61be1c2be0874b8d5c90
v1r_2k_trainfit_l4_demo_6,4,demo_6,4,outputs/v1r/sequential_success_demos_2k_quantized_at_source/layout_4_demo_006_attempt_041.npz,a9200d50286b15dbe9886ad8e481d085ac14b741390b0067e08d1c3998eef635,outputs/v1r/b1_2k_point_pkls_f/bowl_on_plate_4.pkl,daf59d2ceca1a67c1db76f32d37f7fc05b3bd2d459e9eee91b19b8c04e2d7c6a,outputs/v1r/sequential_success_demos_2k_quantized_at_source/layout_4_demo_006_attempt_041.xml,0497706de31e4ceacdca26939cf6986ba3fbcc9dc3759341a24ad067edd7d049,a69711c4c1c2611b7636814f24eca3133e7bd9c401d536dfdc1efceab50f2fa2,b89336224e87e53d4b81af337ee46238492b1829722209c73685ec564c8403e8
