training_seed,scenario_id,task,layout,simulator_seed,initial_state_key,condition,occlusion_duration_steps,control_hz,split
0,v1r_clean_confirm_l1_00,bowl_on_plate,1,1049368402,v1r_clean_confirm_l1_00_state,E00_CLEAN,0,20,confirm
1,v1r_clean_confirm_l1_00,bowl_on_plate,1,1049368402,v1r_clean_confirm_l1_00_state,E00_CLEAN,0,20,confirm
2,v1r_clean_confirm_l1_00,bowl_on_plate,1,1049368402,v1r_clean_confirm_l1_00_state,E00_CLEAN,0,20,confirm
0,v1r_clean_confirm_l1_01,bowl_on_plate,1,1929436162,v1r_clean_confirm_l1_01_state,E00_CLEAN,0,20,confirm
1,v1r_clean_confirm_l1_01,bowl_on_plate,1,1929436162,v1r_clean_confirm_l1_01_state,E00_CLEAN,0,20,confirm
2,v1r_clean_confirm_l1_01,bowl_on_plate,1,1929436162,v1r_clean_confirm_l1_01_state,E00_CLEAN,0,20,confirm
0,v1r_clean_confirm_l1_02,bowl_on_plate,1,2570253832,v1r_clean_confirm_l1_02_state,E00_CLEAN,0,20,confirm
1,v1r_clean_confirm_l1_02,bowl_on_plate,1,2570253832,v1r_clean_confirm_l1_02_state,E00_CLEAN,0,20,confirm
2,v1r_clean_confirm_l1_02,bowl_on_plate,1,2570253832,v1r_clean_confirm_l1_02_state,E00_CLEAN,0,20,confirm
0,v1r_clean_confirm_l1_03,bowl_on_plate,1,1232851360,v1r_clean_confirm_l1_03_state,E00_CLEAN,0,20,confirm
1,v1r_clean_confirm_l1_03,bowl_on_plate,1,1232851360,v1r_clean_confirm_l1_03_state,E00_CLEAN,0,20,confirm
2,v1r_clean_confirm_l1_03,bowl_on_plate,1,1232851360,v1r_clean_confirm_l1_03_state,E00_CLEAN,0,20,confirm
0,v1r_clean_confirm_l1_04,bowl_on_plate,1,1448316188,v1r_clean_confirm_l1_04_state,E00_CLEAN,0,20,confirm
1,v1r_clean_confirm_l1_04,bowl_on_plate,1,1448316188,v1r_clean_confirm_l1_04_state,E00_CLEAN,0,20,confirm
2,v1r_clean_confirm_l1_04,bowl_on_plate,1,1448316188,v1r_clean_confirm_l1_04_state,E00_CLEAN,0,20,confirm
0,v1r_clean_confirm_l1_05,bowl_on_plate,1,3220526293,v1r_clean_confirm_l1_05_state,E00_CLEAN,0,20,confirm
1,v1r_clean_confirm_l1_05,bowl_on_plate,1,3220526293,v1r_clean_confirm_l1_05_state,E00_CLEAN,0,20,confirm
2,v1r_clean_confirm_l1_05,bowl_on_plate,1,3220526293,v1r_clean_confirm_l1_05_state,E00_CLEAN,0,20,confirm
0,v1r_clean_confirm_l1_06,bowl_on_plate,1,3765129443,v1r_clean_confirm_l1_06_state,E00_CLEAN,0,20,confirm
1,v1r_clean_confirm_l1_06,bowl_on_plate,1,3765129443,v1r_clean_confirm_l1_06_state,E00_CLEAN,0,20,confirm
2,v1r_clean_confirm_l1_06,bowl_on_plate,1,3765129443,v1r_clean_confirm_l1_06_state,E00_CLEAN,0,20,confirm
0,v1r_clean_confirm_l1_07,bowl_on_plate,1,2645542813,v1r_clean_confirm_l1_07_state,E00_CLEAN,0,20,confirm
1,v1r_clean_confirm_l1_07,bowl_on_plate,1,2645542813,v1r_clean_confirm_l1_07_state,E00_CLEAN,0,20,confirm
2,v1r_clean_confirm_l1_07,bowl_on_plate,1,2645542813,v1r_clean_confirm_l1_07_state,E00_CLEAN,0,20,confirm
0,v1r_clean_confirm_l1_08,bowl_on_plate,1,1562473581,v1r_clean_confirm_l1_08_state,E00_CLEAN,0,20,confirm
1,v1r_clean_confirm_l1_08,bowl_on_plate,1,1562473581,v1r_clean_confirm_l1_08_state,E00_CLEAN,0,20,confirm
2,v1r_clean_confirm_l1_08,bowl_on_plate,1,1562473581,v1r_clean_confirm_l1_08_state,E00_CLEAN,0,20,confirm
0,v1r_clean_confirm_l1_09,bowl_on_plate,1,414407686,v1r_clean_confirm_l1_09_state,E00_CLEAN,0,20,confirm
1,v1r_clean_confirm_l1_09,bowl_on_plate,1,414407686,v1r_clean_confirm_l1_09_state,E00_CLEAN,0,20,confirm
2,v1r_clean_confirm_l1_09,bowl_on_plate,1,414407686,v1r_clean_confirm_l1_09_state,E00_CLEAN,0,20,confirm
0,v1r_clean_confirm_l1_10,bowl_on_plate,1,4191857884,v1r_clean_confirm_l1_10_state,E00_CLEAN,0,20,confirm
1,v1r_clean_confirm_l1_10,bowl_on_plate,1,4191857884,v1r_clean_confirm_l1_10_state,E00_CLEAN,0,20,confirm
2,v1r_clean_confirm_l1_10,bowl_on_plate,1,4191857884,v1r_clean_confirm_l1_10_state,E00_CLEAN,0,20,confirm
0,v1r_clean_confirm_l1_11,bowl_on_plate,1,3398052599,v1r_clean_confirm_l1_11_state,E00_CLEAN,0,20,confirm
1,v1r_clean_confirm_l1_11,bowl_on_plate,1,3398052599,v1r_clean_confirm_l1_11_state,E00_CLEAN,0,20,confirm
2,v1r_clean_confirm_l1_11,bowl_on_plate,1,3398052599,v1r_clean_confirm_l1_11_state,E00_CLEAN,0,20,confirm
0,v1r_clean_confirm_l1_12,bowl_on_plate,1,4245107182,v1r_clean_confirm_l1_12_state,E00_CLEAN,0,20,confirm
1,v1r_clean_confirm_l1_12,bowl_on_plate,1,4245107182,v1r_clean_confirm_l1_12_state,E00_CLEAN,0,20,confirm
2,v1r_clean_confirm_l1_12,bowl_on_plate,1,4245107182,v1r_clean_confirm_l1_12_state,E00_CLEAN,0,20,confirm
0,v1r_clean_confirm_l1_13,bowl_on_plate,1,3549459189,v1r_clean_confirm_l1_13_state,E00_CLEAN,0,20,confirm
1,v1r_clean_confirm_l1_13,bowl_on_plate,1,3549459189,v1r_clean_confirm_l1_13_state,E00_CLEAN,0,20,confirm
2,v1r_clean_confirm_l1_13,bowl_on_plate,1,3549459189,v1r_clean_confirm_l1_13_state,E00_CLEAN,0,20,confirm
0,v1r_clean_confirm_l1_14,bowl_on_plate,1,1904899742,v1r_clean_confirm_l1_14_state,E00_CLEAN,0,20,confirm
1,v1r_clean_confirm_l1_14,bowl_on_plate,1,1904899742,v1r_clean_confirm_l1_14_state,E00_CLEAN,0,20,confirm
2,v1r_clean_confirm_l1_14,bowl_on_plate,1,1904899742,v1r_clean_confirm_l1_14_state,E00_CLEAN,0,20,confirm
0,v1r_clean_confirm_l1_15,bowl_on_plate,1,3386793954,v1r_clean_confirm_l1_15_state,E00_CLEAN,0,20,confirm
1,v1r_clean_confirm_l1_15,bowl_on_plate,1,3386793954,v1r_clean_confirm_l1_15_state,E00_CLEAN,0,20,confirm
2,v1r_clean_confirm_l1_15,bowl_on_plate,1,3386793954,v1r_clean_confirm_l1_15_state,E00_CLEAN,0,20,confirm
0,v1r_clean_confirm_l1_16,bowl_on_plate,1,2044257216,v1r_clean_confirm_l1_16_state,E00_CLEAN,0,20,confirm
1,v1r_clean_confirm_l1_16,bowl_on_plate,1,2044257216,v1r_clean_confirm_l1_16_state,E00_CLEAN,0,20,confirm
2,v1r_clean_confirm_l1_16,bowl_on_plate,1,2044257216,v1r_clean_confirm_l1_16_state,E00_CLEAN,0,20,confirm
0,v1r_clean_confirm_l1_17,bowl_on_plate,1,3541242954,v1r_clean_confirm_l1_17_state,E00_CLEAN,0,20,confirm
1,v1r_clean_confirm_l1_17,bowl_on_plate,1,3541242954,v1r_clean_confirm_l1_17_state,E00_CLEAN,0,20,confirm
2,v1r_clean_confirm_l1_17,bowl_on_plate,1,3541242954,v1r_clean_confirm_l1_17_state,E00_CLEAN,0,20,confirm
0,v1r_clean_confirm_l1_18,bowl_on_plate,1,896773619,v1r_clean_confirm_l1_18_state,E00_CLEAN,0,20,confirm
1,v1r_clean_confirm_l1_18,bowl_on_plate,1,896773619,v1r_clean_confirm_l1_18_state,E00_CLEAN,0,20,confirm
2,v1r_clean_confirm_l1_18,bowl_on_plate,1,896773619,v1r_clean_confirm_l1_18_state,E00_CLEAN,0,20,confirm
0,v1r_clean_confirm_l1_19,bowl_on_plate,1,2972508008,v1r_clean_confirm_l1_19_state,E00_CLEAN,0,20,confirm
1,v1r_clean_confirm_l1_19,bowl_on_plate,1,2972508008,v1r_clean_confirm_l1_19_state,E00_CLEAN,0,20,confirm
2,v1r_clean_confirm_l1_19,bowl_on_plate,1,2972508008,v1r_clean_confirm_l1_19_state,E00_CLEAN,0,20,confirm
0,v1r_clean_confirm_l1_20,bowl_on_plate,1,3125739395,v1r_clean_confirm_l1_20_state,E00_CLEAN,0,20,confirm
1,v1r_clean_confirm_l1_20,bowl_on_plate,1,3125739395,v1r_clean_confirm_l1_20_state,E00_CLEAN,0,20,confirm
2,v1r_clean_confirm_l1_20,bowl_on_plate,1,3125739395,v1r_clean_confirm_l1_20_state,E00_CLEAN,0,20,confirm
0,v1r_clean_confirm_l1_21,bowl_on_plate,1,3960921828,v1r_clean_confirm_l1_21_state,E00_CLEAN,0,20,confirm
1,v1r_clean_confirm_l1_21,bowl_on_plate,1,3960921828,v1r_clean_confirm_l1_21_state,E00_CLEAN,0,20,confirm
2,v1r_clean_confirm_l1_21,bowl_on_plate,1,3960921828,v1r_clean_confirm_l1_21_state,E00_CLEAN,0,20,confirm
0,v1r_clean_confirm_l1_22,bowl_on_plate,1,1086387400,v1r_clean_confirm_l1_22_state,E00_CLEAN,0,20,confirm
1,v1r_clean_confirm_l1_22,bowl_on_plate,1,1086387400,v1r_clean_confirm_l1_22_state,E00_CLEAN,0,20,confirm
2,v1r_clean_confirm_l1_22,bowl_on_plate,1,1086387400,v1r_clean_confirm_l1_22_state,E00_CLEAN,0,20,confirm
0,v1r_clean_confirm_l1_23,bowl_on_plate,1,1392285852,v1r_clean_confirm_l1_23_state,E00_CLEAN,0,20,confirm
1,v1r_clean_confirm_l1_23,bowl_on_plate,1,1392285852,v1r_clean_confirm_l1_23_state,E00_CLEAN,0,20,confirm
2,v1r_clean_confirm_l1_23,bowl_on_plate,1,1392285852,v1r_clean_confirm_l1_23_state,E00_CLEAN,0,20,confirm
0,v1r_clean_confirm_l1_24,bowl_on_plate,1,1044650185,v1r_clean_confirm_l1_24_state,E00_CLEAN,0,20,confirm
1,v1r_clean_confirm_l1_24,bowl_on_plate,1,1044650185,v1r_clean_confirm_l1_24_state,E00_CLEAN,0,20,confirm
2,v1r_clean_confirm_l1_24,bowl_on_plate,1,1044650185,v1r_clean_confirm_l1_24_state,E00_CLEAN,0,20,confirm
0,v1r_clean_confirm_l2_00,bowl_on_plate,2,131390969,v1r_clean_confirm_l2_00_state,E00_CLEAN,0,20,confirm
1,v1r_clean_confirm_l2_00,bowl_on_plate,2,131390969,v1r_clean_confirm_l2_00_state,E00_CLEAN,0,20,confirm
2,v1r_clean_confirm_l2_00,bowl_on_plate,2,131390969,v1r_clean_confirm_l2_00_state,E00_CLEAN,0,20,confirm
0,v1r_clean_confirm_l2_01,bowl_on_plate,2,2693021321,v1r_clean_confirm_l2_01_state,E00_CLEAN,0,20,confirm
1,v1r_clean_confirm_l2_01,bowl_on_plate,2,2693021321,v1r_clean_confirm_l2_01_state,E00_CLEAN,0,20,confirm
2,v1r_clean_confirm_l2_01,bowl_on_plate,2,2693021321,v1r_clean_confirm_l2_01_state,E00_CLEAN,0,20,confirm
0,v1r_clean_confirm_l2_02,bowl_on_plate,2,536427785,v1r_clean_confirm_l2_02_state,E00_CLEAN,0,20,confirm
1,v1r_clean_confirm_l2_02,bowl_on_plate,2,536427785,v1r_clean_confirm_l2_02_state,E00_CLEAN,0,20,confirm
2,v1r_clean_confirm_l2_02,bowl_on_plate,2,536427785,v1r_clean_confirm_l2_02_state,E00_CLEAN,0,20,confirm
0,v1r_clean_confirm_l2_03,bowl_on_plate,2,3199011600,v1r_clean_confirm_l2_03_state,E00_CLEAN,0,20,confirm
1,v1r_clean_confirm_l2_03,bowl_on_plate,2,3199011600,v1r_clean_confirm_l2_03_state,E00_CLEAN,0,20,confirm
2,v1r_clean_confirm_l2_03,bowl_on_plate,2,3199011600,v1r_clean_confirm_l2_03_state,E00_CLEAN,0,20,confirm
0,v1r_clean_confirm_l2_04,bowl_on_plate,2,148312415,v1r_clean_confirm_l2_04_state,E00_CLEAN,0,20,confirm
1,v1r_clean_confirm_l2_04,bowl_on_plate,2,148312415,v1r_clean_confirm_l2_04_state,E00_CLEAN,0,20,confirm
2,v1r_clean_confirm_l2_04,bowl_on_plate,2,148312415,v1r_clean_confirm_l2_04_state,E00_CLEAN,0,20,confirm
0,v1r_clean_confirm_l2_05,bowl_on_plate,2,3572202681,v1r_clean_confirm_l2_05_state,E00_CLEAN,0,20,confirm
1,v1r_clean_confirm_l2_05,bowl_on_plate,2,3572202681,v1r_clean_confirm_l2_05_state,E00_CLEAN,0,20,confirm
2,v1r_clean_confirm_l2_05,bowl_on_plate,2,3572202681,v1r_clean_confirm_l2_05_state,E00_CLEAN,0,20,confirm
0,v1r_clean_confirm_l2_06,bowl_on_plate,2,1943851947,v1r_clean_confirm_l2_06_state,E00_CLEAN,0,20,confirm
1,v1r_clean_confirm_l2_06,bowl_on_plate,2,1943851947,v1r_clean_confirm_l2_06_state,E00_CLEAN,0,20,confirm
2,v1r_clean_confirm_l2_06,bowl_on_plate,2,1943851947,v1r_clean_confirm_l2_06_state,E00_CLEAN,0,20,confirm
0,v1r_clean_confirm_l2_07,bowl_on_plate,2,1273277922,v1r_clean_confirm_l2_07_state,E00_CLEAN,0,20,confirm
1,v1r_clean_confirm_l2_07,bowl_on_plate,2,1273277922,v1r_clean_confirm_l2_07_state,E00_CLEAN,0,20,confirm
2,v1r_clean_confirm_l2_07,bowl_on_plate,2,1273277922,v1r_clean_confirm_l2_07_state,E00_CLEAN,0,20,confirm
0,v1r_clean_confirm_l2_08,bowl_on_plate,2,1488560648,v1r_clean_confirm_l2_08_state,E00_CLEAN,0,20,confirm
1,v1r_clean_confirm_l2_08,bowl_on_plate,2,1488560648,v1r_clean_confirm_l2_08_state,E00_CLEAN,0,20,confirm
2,v1r_clean_confirm_l2_08,bowl_on_plate,2,1488560648,v1r_clean_confirm_l2_08_state,E00_CLEAN,0,20,confirm
0,v1r_clean_confirm_l2_09,bowl_on_plate,2,2945317447,v1r_clean_confirm_l2_09_state,E00_CLEAN,0,20,confirm
1,v1r_clean_confirm_l2_09,bowl_on_plate,2,2945317447,v1r_clean_confirm_l2_09_state,E00_CLEAN,0,20,confirm
2,v1r_clean_confirm_l2_09,bowl_on_plate,2,2945317447,v1r_clean_confirm_l2_09_state,E00_CLEAN,0,20,confirm
0,v1r_clean_confirm_l2_10,bowl_on_plate,2,2900728773,v1r_clean_confirm_l2_10_state,E00_CLEAN,0,20,confirm
1,v1r_clean_confirm_l2_10,bowl_on_plate,2,2900728773,v1r_clean_confirm_l2_10_state,E00_CLEAN,0,20,confirm
2,v1r_clean_confirm_l2_10,bowl_on_plate,2,2900728773,v1r_clean_confirm_l2_10_state,E00_CLEAN,0,20,confirm
0,v1r_clean_confirm_l2_11,bowl_on_plate,2,1200811485,v1r_clean_confirm_l2_11_state,E00_CLEAN,0,20,confirm
1,v1r_clean_confirm_l2_11,bowl_on_plate,2,1200811485,v1r_clean_confirm_l2_11_state,E00_CLEAN,0,20,confirm
2,v1r_clean_confirm_l2_11,bowl_on_plate,2,1200811485,v1r_clean_confirm_l2_11_state,E00_CLEAN,0,20,confirm
0,v1r_clean_confirm_l2_12,bowl_on_plate,2,960167137,v1r_clean_confirm_l2_12_state,E00_CLEAN,0,20,confirm
1,v1r_clean_confirm_l2_12,bowl_on_plate,2,960167137,v1r_clean_confirm_l2_12_state,E00_CLEAN,0,20,confirm
2,v1r_clean_confirm_l2_12,bowl_on_plate,2,960167137,v1r_clean_confirm_l2_12_state,E00_CLEAN,0,20,confirm
0,v1r_clean_confirm_l2_13,bowl_on_plate,2,305216560,v1r_clean_confirm_l2_13_state,E00_CLEAN,0,20,confirm
1,v1r_clean_confirm_l2_13,bowl_on_plate,2,305216560,v1r_clean_confirm_l2_13_state,E00_CLEAN,0,20,confirm
2,v1r_clean_confirm_l2_13,bowl_on_plate,2,305216560,v1r_clean_confirm_l2_13_state,E00_CLEAN,0,20,confirm
0,v1r_clean_confirm_l2_14,bowl_on_plate,2,2318564553,v1r_clean_confirm_l2_14_state,E00_CLEAN,0,20,confirm
1,v1r_clean_confirm_l2_14,bowl_on_plate,2,2318564553,v1r_clean_confirm_l2_14_state,E00_CLEAN,0,20,confirm
2,v1r_clean_confirm_l2_14,bowl_on_plate,2,2318564553,v1r_clean_confirm_l2_14_state,E00_CLEAN,0,20,confirm
0,v1r_clean_confirm_l2_15,bowl_on_plate,2,2360051953,v1r_clean_confirm_l2_15_state,E00_CLEAN,0,20,confirm
1,v1r_clean_confirm_l2_15,bowl_on_plate,2,2360051953,v1r_clean_confirm_l2_15_state,E00_CLEAN,0,20,confirm
2,v1r_clean_confirm_l2_15,bowl_on_plate,2,2360051953,v1r_clean_confirm_l2_15_state,E00_CLEAN,0,20,confirm
0,v1r_clean_confirm_l2_16,bowl_on_plate,2,4150284368,v1r_clean_confirm_l2_16_state,E00_CLEAN,0,20,confirm
1,v1r_clean_confirm_l2_16,bowl_on_plate,2,4150284368,v1r_clean_confirm_l2_16_state,E00_CLEAN,0,20,confirm
2,v1r_clean_confirm_l2_16,bowl_on_plate,2,4150284368,v1r_clean_confirm_l2_16_state,E00_CLEAN,0,20,confirm
0,v1r_clean_confirm_l2_17,bowl_on_plate,2,952016746,v1r_clean_confirm_l2_17_state,E00_CLEAN,0,20,confirm
1,v1r_clean_confirm_l2_17,bowl_on_plate,2,952016746,v1r_clean_confirm_l2_17_state,E00_CLEAN,0,20,confirm
2,v1r_clean_confirm_l2_17,bowl_on_plate,2,952016746,v1r_clean_confirm_l2_17_state,E00_CLEAN,0,20,confirm
0,v1r_clean_confirm_l2_18,bowl_on_plate,2,3525817195,v1r_clean_confirm_l2_18_state,E00_CLEAN,0,20,confirm
1,v1r_clean_confirm_l2_18,bowl_on_plate,2,3525817195,v1r_clean_confirm_l2_18_state,E00_CLEAN,0,20,confirm
2,v1r_clean_confirm_l2_18,bowl_on_plate,2,3525817195,v1r_clean_confirm_l2_18_state,E00_CLEAN,0,20,confirm
0,v1r_clean_confirm_l2_19,bowl_on_plate,2,963840377,v1r_clean_confirm_l2_19_state,E00_CLEAN,0,20,confirm
1,v1r_clean_confirm_l2_19,bowl_on_plate,2,963840377,v1r_clean_confirm_l2_19_state,E00_CLEAN,0,20,confirm
2,v1r_clean_confirm_l2_19,bowl_on_plate,2,963840377,v1r_clean_confirm_l2_19_state,E00_CLEAN,0,20,confirm
0,v1r_clean_confirm_l2_20,bowl_on_plate,2,1048269534,v1r_clean_confirm_l2_20_state,E00_CLEAN,0,20,confirm
1,v1r_clean_confirm_l2_20,bowl_on_plate,2,1048269534,v1r_clean_confirm_l2_20_state,E00_CLEAN,0,20,confirm
2,v1r_clean_confirm_l2_20,bowl_on_plate,2,1048269534,v1r_clean_confirm_l2_20_state,E00_CLEAN,0,20,confirm
0,v1r_clean_confirm_l2_21,bowl_on_plate,2,2785113690,v1r_clean_confirm_l2_21_state,E00_CLEAN,0,20,confirm
1,v1r_clean_confirm_l2_21,bowl_on_plate,2,2785113690,v1r_clean_confirm_l2_21_state,E00_CLEAN,0,20,confirm
2,v1r_clean_confirm_l2_21,bowl_on_plate,2,2785113690,v1r_clean_confirm_l2_21_state,E00_CLEAN,0,20,confirm
0,v1r_clean_confirm_l2_22,bowl_on_plate,2,2173619248,v1r_clean_confirm_l2_22_state,E00_CLEAN,0,20,confirm
1,v1r_clean_confirm_l2_22,bowl_on_plate,2,2173619248,v1r_clean_confirm_l2_22_state,E00_CLEAN,0,20,confirm
2,v1r_clean_confirm_l2_22,bowl_on_plate,2,2173619248,v1r_clean_confirm_l2_22_state,E00_CLEAN,0,20,confirm
0,v1r_clean_confirm_l2_23,bowl_on_plate,2,2604599188,v1r_clean_confirm_l2_23_state,E00_CLEAN,0,20,confirm
1,v1r_clean_confirm_l2_23,bowl_on_plate,2,2604599188,v1r_clean_confirm_l2_23_state,E00_CLEAN,0,20,confirm
2,v1r_clean_confirm_l2_23,bowl_on_plate,2,2604599188,v1r_clean_confirm_l2_23_state,E00_CLEAN,0,20,confirm
0,v1r_clean_confirm_l2_24,bowl_on_plate,2,934870599,v1r_clean_confirm_l2_24_state,E00_CLEAN,0,20,confirm
1,v1r_clean_confirm_l2_24,bowl_on_plate,2,934870599,v1r_clean_confirm_l2_24_state,E00_CLEAN,0,20,confirm
2,v1r_clean_confirm_l2_24,bowl_on_plate,2,934870599,v1r_clean_confirm_l2_24_state,E00_CLEAN,0,20,confirm
0,v1r_clean_confirm_l3_00,bowl_on_plate,3,750038656,v1r_clean_confirm_l3_00_state,E00_CLEAN,0,20,confirm
1,v1r_clean_confirm_l3_00,bowl_on_plate,3,750038656,v1r_clean_confirm_l3_00_state,E00_CLEAN,0,20,confirm
2,v1r_clean_confirm_l3_00,bowl_on_plate,3,750038656,v1r_clean_confirm_l3_00_state,E00_CLEAN,0,20,confirm
0,v1r_clean_confirm_l3_01,bowl_on_plate,3,1080698350,v1r_clean_confirm_l3_01_state,E00_CLEAN,0,20,confirm
1,v1r_clean_confirm_l3_01,bowl_on_plate,3,1080698350,v1r_clean_confirm_l3_01_state,E00_CLEAN,0,20,confirm
2,v1r_clean_confirm_l3_01,bowl_on_plate,3,1080698350,v1r_clean_confirm_l3_01_state,E00_CLEAN,0,20,confirm
0,v1r_clean_confirm_l3_02,bowl_on_plate,3,3395090363,v1r_clean_confirm_l3_02_state,E00_CLEAN,0,20,confirm
1,v1r_clean_confirm_l3_02,bowl_on_plate,3,3395090363,v1r_clean_confirm_l3_02_state,E00_CLEAN,0,20,confirm
2,v1r_clean_confirm_l3_02,bowl_on_plate,3,3395090363,v1r_clean_confirm_l3_02_state,E00_CLEAN,0,20,confirm
0,v1r_clean_confirm_l3_03,bowl_on_plate,3,2080140410,v1r_clean_confirm_l3_03_state,E00_CLEAN,0,20,confirm
1,v1r_clean_confirm_l3_03,bowl_on_plate,3,2080140410,v1r_clean_confirm_l3_03_state,E00_CLEAN,0,20,confirm
2,v1r_clean_confirm_l3_03,bowl_on_plate,3,2080140410,v1r_clean_confirm_l3_03_state,E00_CLEAN,0,20,confirm
0,v1r_clean_confirm_l3_04,bowl_on_plate,3,4053474552,v1r_clean_confirm_l3_04_state,E00_CLEAN,0,20,confirm
1,v1r_clean_confirm_l3_04,bowl_on_plate,3,4053474552,v1r_clean_confirm_l3_04_state,E00_CLEAN,0,20,confirm
2,v1r_clean_confirm_l3_04,bowl_on_plate,3,4053474552,v1r_clean_confirm_l3_04_state,E00_CLEAN,0,20,confirm
0,v1r_clean_confirm_l3_05,bowl_on_plate,3,1926393549,v1r_clean_confirm_l3_05_state,E00_CLEAN,0,20,confirm
1,v1r_clean_confirm_l3_05,bowl_on_plate,3,1926393549,v1r_clean_confirm_l3_05_state,E00_CLEAN,0,20,confirm
2,v1r_clean_confirm_l3_05,bowl_on_plate,3,1926393549,v1r_clean_confirm_l3_05_state,E00_CLEAN,0,20,confirm
0,v1r_clean_confirm_l3_06,bowl_on_plate,3,1256581155,v1r_clean_confirm_l3_06_state,E00_CLEAN,0,20,confirm
1,v1r_clean_confirm_l3_06,bowl_on_plate,3,1256581155,v1r_clean_confirm_l3_06_state,E00_CLEAN,0,20,confirm
2,v1r_clean_confirm_l3_06,bowl_on_plate,3,1256581155,v1r_clean_confirm_l3_06_state,E00_CLEAN,0,20,confirm
0,v1r_clean_confirm_l3_07,bowl_on_plate,3,3013892173,v1r_clean_confirm_l3_07_state,E00_CLEAN,0,20,confirm
1,v1r_clean_confirm_l3_07,bowl_on_plate,3,3013892173,v1r_clean_confirm_l3_07_state,E00_CLEAN,0,20,confirm
2,v1r_clean_confirm_l3_07,bowl_on_plate,3,3013892173,v1r_clean_confirm_l3_07_state,E00_CLEAN,0,20,confirm
0,v1r_clean_confirm_l3_08,bowl_on_plate,3,972150581,v1r_clean_confirm_l3_08_state,E00_CLEAN,0,20,confirm
1,v1r_clean_confirm_l3_08,bowl_on_plate,3,972150581,v1r_clean_confirm_l3_08_state,E00_CLEAN,0,20,confirm
2,v1r_clean_confirm_l3_08,bowl_on_plate,3,972150581,v1r_clean_confirm_l3_08_state,E00_CLEAN,0,20,confirm
0,v1r_clean_confirm_l3_09,bowl_on_plate,3,3802513868,v1r_clean_confirm_l3_09_state,E00_CLEAN,0,20,confirm
1,v1r_clean_confirm_l3_09,bowl_on_plate,3,3802513868,v1r_clean_confirm_l3_09_state,E00_CLEAN,0,20,confirm
2,v1r_clean_confirm_l3_09,bowl_on_plate,3,3802513868,v1r_clean_confirm_l3_09_state,E00_CLEAN,0,20,confirm
0,v1r_clean_confirm_l3_10,bowl_on_plate,3,2606234498,v1r_clean_confirm_l3_10_state,E00_CLEAN,0,20,confirm
1,v1r_clean_confirm_l3_10,bowl_on_plate,3,2606234498,v1r_clean_confirm_l3_10_state,E00_CLEAN,0,20,confirm
2,v1r_clean_confirm_l3_10,bowl_on_plate,3,2606234498,v1r_clean_confirm_l3_10_state,E00_CLEAN,0,20,confirm
0,v1r_clean_confirm_l3_11,bowl_on_plate,3,2092368777,v1r_clean_confirm_l3_11_state,E00_CLEAN,0,20,confirm
1,v1r_clean_confirm_l3_11,bowl_on_plate,3,2092368777,v1r_clean_confirm_l3_11_state,E00_CLEAN,0,20,confirm
2,v1r_clean_confirm_l3_11,bowl_on_plate,3,2092368777,v1r_clean_confirm_l3_11_state,E00_CLEAN,0,20,confirm
0,v1r_clean_confirm_l3_12,bowl_on_plate,3,2631064951,v1r_clean_confirm_l3_12_state,E00_CLEAN,0,20,confirm
1,v1r_clean_confirm_l3_12,bowl_on_plate,3,2631064951,v1r_clean_confirm_l3_12_state,E00_CLEAN,0,20,confirm
2,v1r_clean_confirm_l3_12,bowl_on_plate,3,2631064951,v1r_clean_confirm_l3_12_state,E00_CLEAN,0,20,confirm
0,v1r_clean_confirm_l3_13,bowl_on_plate,3,4213931082,v1r_clean_confirm_l3_13_state,E00_CLEAN,0,20,confirm
1,v1r_clean_confirm_l3_13,bowl_on_plate,3,4213931082,v1r_clean_confirm_l3_13_state,E00_CLEAN,0,20,confirm
2,v1r_clean_confirm_l3_13,bowl_on_plate,3,4213931082,v1r_clean_confirm_l3_13_state,E00_CLEAN,0,20,confirm
0,v1r_clean_confirm_l3_14,bowl_on_plate,3,1148501944,v1r_clean_confirm_l3_14_state,E00_CLEAN,0,20,confirm
1,v1r_clean_confirm_l3_14,bowl_on_plate,3,1148501944,v1r_clean_confirm_l3_14_state,E00_CLEAN,0,20,confirm
2,v1r_clean_confirm_l3_14,bowl_on_plate,3,1148501944,v1r_clean_confirm_l3_14_state,E00_CLEAN,0,20,confirm
0,v1r_clean_confirm_l3_15,bowl_on_plate,3,1053239918,v1r_clean_confirm_l3_15_state,E00_CLEAN,0,20,confirm
1,v1r_clean_confirm_l3_15,bowl_on_plate,3,1053239918,v1r_clean_confirm_l3_15_state,E00_CLEAN,0,20,confirm
2,v1r_clean_confirm_l3_15,bowl_on_plate,3,1053239918,v1r_clean_confirm_l3_15_state,E00_CLEAN,0,20,confirm
0,v1r_clean_confirm_l3_16,bowl_on_plate,3,2516542688,v1r_clean_confirm_l3_16_state,E00_CLEAN,0,20,confirm
1,v1r_clean_confirm_l3_16,bowl_on_plate,3,2516542688,v1r_clean_confirm_l3_16_state,E00_CLEAN,0,20,confirm
2,v1r_clean_confirm_l3_16,bowl_on_plate,3,2516542688,v1r_clean_confirm_l3_16_state,E00_CLEAN,0,20,confirm
0,v1r_clean_confirm_l3_17,bowl_on_plate,3,1072547844,v1r_clean_confirm_l3_17_state,E00_CLEAN,0,20,confirm
1,v1r_clean_confirm_l3_17,bowl_on_plate,3,1072547844,v1r_clean_confirm_l3_17_state,E00_CLEAN,0,20,confirm
2,v1r_clean_confirm_l3_17,bowl_on_plate,3,1072547844,v1r_clean_confirm_l3_17_state,E00_CLEAN,0,20,confirm
0,v1r_clean_confirm_l3_18,bowl_on_plate,3,3148579772,v1r_clean_confirm_l3_18_state,E00_CLEAN,0,20,confirm
1,v1r_clean_confirm_l3_18,bowl_on_plate,3,3148579772,v1r_clean_confirm_l3_18_state,E00_CLEAN,0,20,confirm
2,v1r_clean_confirm_l3_18,bowl_on_plate,3,3148579772,v1r_clean_confirm_l3_18_state,E00_CLEAN,0,20,confirm
0,v1r_clean_confirm_l3_19,bowl_on_plate,3,2517771511,v1r_clean_confirm_l3_19_state,E00_CLEAN,0,20,confirm
1,v1r_clean_confirm_l3_19,bowl_on_plate,3,2517771511,v1r_clean_confirm_l3_19_state,E00_CLEAN,0,20,confirm
2,v1r_clean_confirm_l3_19,bowl_on_plate,3,2517771511,v1r_clean_confirm_l3_19_state,E00_CLEAN,0,20,confirm
0,v1r_clean_confirm_l3_20,bowl_on_plate,3,1257680427,v1r_clean_confirm_l3_20_state,E00_CLEAN,0,20,confirm
1,v1r_clean_confirm_l3_20,bowl_on_plate,3,1257680427,v1r_clean_confirm_l3_20_state,E00_CLEAN,0,20,confirm
2,v1r_clean_confirm_l3_20,bowl_on_plate,3,1257680427,v1r_clean_confirm_l3_20_state,E00_CLEAN,0,20,confirm
0,v1r_clean_confirm_l3_21,bowl_on_plate,3,1001740227,v1r_clean_confirm_l3_21_state,E00_CLEAN,0,20,confirm
1,v1r_clean_confirm_l3_21,bowl_on_plate,3,1001740227,v1r_clean_confirm_l3_21_state,E00_CLEAN,0,20,confirm
2,v1r_clean_confirm_l3_21,bowl_on_plate,3,1001740227,v1r_clean_confirm_l3_21_state,E00_CLEAN,0,20,confirm
0,v1r_clean_confirm_l3_22,bowl_on_plate,3,3867386732,v1r_clean_confirm_l3_22_state,E00_CLEAN,0,20,confirm
1,v1r_clean_confirm_l3_22,bowl_on_plate,3,3867386732,v1r_clean_confirm_l3_22_state,E00_CLEAN,0,20,confirm
2,v1r_clean_confirm_l3_22,bowl_on_plate,3,3867386732,v1r_clean_confirm_l3_22_state,E00_CLEAN,0,20,confirm
0,v1r_clean_confirm_l3_23,bowl_on_plate,3,653857209,v1r_clean_confirm_l3_23_state,E00_CLEAN,0,20,confirm
1,v1r_clean_confirm_l3_23,bowl_on_plate,3,653857209,v1r_clean_confirm_l3_23_state,E00_CLEAN,0,20,confirm
2,v1r_clean_confirm_l3_23,bowl_on_plate,3,653857209,v1r_clean_confirm_l3_23_state,E00_CLEAN,0,20,confirm
0,v1r_clean_confirm_l3_24,bowl_on_plate,3,3186457369,v1r_clean_confirm_l3_24_state,E00_CLEAN,0,20,confirm
1,v1r_clean_confirm_l3_24,bowl_on_plate,3,3186457369,v1r_clean_confirm_l3_24_state,E00_CLEAN,0,20,confirm
2,v1r_clean_confirm_l3_24,bowl_on_plate,3,3186457369,v1r_clean_confirm_l3_24_state,E00_CLEAN,0,20,confirm
0,v1r_clean_confirm_l4_00,bowl_on_plate,4,2280601911,v1r_clean_confirm_l4_00_state,E00_CLEAN,0,20,confirm
1,v1r_clean_confirm_l4_00,bowl_on_plate,4,2280601911,v1r_clean_confirm_l4_00_state,E00_CLEAN,0,20,confirm
2,v1r_clean_confirm_l4_00,bowl_on_plate,4,2280601911,v1r_clean_confirm_l4_00_state,E00_CLEAN,0,20,confirm
0,v1r_clean_confirm_l4_01,bowl_on_plate,4,811939495,v1r_clean_confirm_l4_01_state,E00_CLEAN,0,20,confirm
1,v1r_clean_confirm_l4_01,bowl_on_plate,4,811939495,v1r_clean_confirm_l4_01_state,E00_CLEAN,0,20,confirm
2,v1r_clean_confirm_l4_01,bowl_on_plate,4,811939495,v1r_clean_confirm_l4_01_state,E00_CLEAN,0,20,confirm
0,v1r_clean_confirm_l4_02,bowl_on_plate,4,1736402651,v1r_clean_confirm_l4_02_state,E00_CLEAN,0,20,confirm
1,v1r_clean_confirm_l4_02,bowl_on_plate,4,1736402651,v1r_clean_confirm_l4_02_state,E00_CLEAN,0,20,confirm
2,v1r_clean_confirm_l4_02,bowl_on_plate,4,1736402651,v1r_clean_confirm_l4_02_state,E00_CLEAN,0,20,confirm
0,v1r_clean_confirm_l4_03,bowl_on_plate,4,1010141922,v1r_clean_confirm_l4_03_state,E00_CLEAN,0,20,confirm
1,v1r_clean_confirm_l4_03,bowl_on_plate,4,1010141922,v1r_clean_confirm_l4_03_state,E00_CLEAN,0,20,confirm
2,v1r_clean_confirm_l4_03,bowl_on_plate,4,1010141922,v1r_clean_confirm_l4_03_state,E00_CLEAN,0,20,confirm
0,v1r_clean_confirm_l4_04,bowl_on_plate,4,3377514535,v1r_clean_confirm_l4_04_state,E00_CLEAN,0,20,confirm
1,v1r_clean_confirm_l4_04,bowl_on_plate,4,3377514535,v1r_clean_confirm_l4_04_state,E00_CLEAN,0,20,confirm
2,v1r_clean_confirm_l4_04,bowl_on_plate,4,3377514535,v1r_clean_confirm_l4_04_state,E00_CLEAN,0,20,confirm
0,v1r_clean_confirm_l4_05,bowl_on_plate,4,896051047,v1r_clean_confirm_l4_05_state,E00_CLEAN,0,20,confirm
1,v1r_clean_confirm_l4_05,bowl_on_plate,4,896051047,v1r_clean_confirm_l4_05_state,E00_CLEAN,0,20,confirm
2,v1r_clean_confirm_l4_05,bowl_on_plate,4,896051047,v1r_clean_confirm_l4_05_state,E00_CLEAN,0,20,confirm
0,v1r_clean_confirm_l4_06,bowl_on_plate,4,3069532154,v1r_clean_confirm_l4_06_state,E00_CLEAN,0,20,confirm
1,v1r_clean_confirm_l4_06,bowl_on_plate,4,3069532154,v1r_clean_confirm_l4_06_state,E00_CLEAN,0,20,confirm
2,v1r_clean_confirm_l4_06,bowl_on_plate,4,3069532154,v1r_clean_confirm_l4_06_state,E00_CLEAN,0,20,confirm
0,v1r_clean_confirm_l4_07,bowl_on_plate,4,217190507,v1r_clean_confirm_l4_07_state,E00_CLEAN,0,20,confirm
1,v1r_clean_confirm_l4_07,bowl_on_plate,4,217190507,v1r_clean_confirm_l4_07_state,E00_CLEAN,0,20,confirm
2,v1r_clean_confirm_l4_07,bowl_on_plate,4,217190507,v1r_clean_confirm_l4_07_state,E00_CLEAN,0,20,confirm
0,v1r_clean_confirm_l4_08,bowl_on_plate,4,3642768382,v1r_clean_confirm_l4_08_state,E00_CLEAN,0,20,confirm
1,v1r_clean_confirm_l4_08,bowl_on_plate,4,3642768382,v1r_clean_confirm_l4_08_state,E00_CLEAN,0,20,confirm
2,v1r_clean_confirm_l4_08,bowl_on_plate,4,3642768382,v1r_clean_confirm_l4_08_state,E00_CLEAN,0,20,confirm
0,v1r_clean_confirm_l4_09,bowl_on_plate,4,2608023998,v1r_clean_confirm_l4_09_state,E00_CLEAN,0,20,confirm
1,v1r_clean_confirm_l4_09,bowl_on_plate,4,2608023998,v1r_clean_confirm_l4_09_state,E00_CLEAN,0,20,confirm
2,v1r_clean_confirm_l4_09,bowl_on_plate,4,2608023998,v1r_clean_confirm_l4_09_state,E00_CLEAN,0,20,confirm
0,v1r_clean_confirm_l4_10,bowl_on_plate,4,1239908772,v1r_clean_confirm_l4_10_state,E00_CLEAN,0,20,confirm
1,v1r_clean_confirm_l4_10,bowl_on_plate,4,1239908772,v1r_clean_confirm_l4_10_state,E00_CLEAN,0,20,confirm
2,v1r_clean_confirm_l4_10,bowl_on_plate,4,1239908772,v1r_clean_confirm_l4_10_state,E00_CLEAN,0,20,confirm
0,v1r_clean_confirm_l4_11,bowl_on_plate,4,2321704303,v1r_clean_confirm_l4_11_state,E00_CLEAN,0,20,confirm
1,v1r_clean_confirm_l4_11,bowl_on_plate,4,2321704303,v1r_clean_confirm_l4_11_state,E00_CLEAN,0,20,confirm
2,v1r_clean_confirm_l4_11,bowl_on_plate,4,2321704303,v1r_clean_confirm_l4_11_state,E00_CLEAN,0,20,confirm
0,v1r_clean_confirm_l4_12,bowl_on_plate,4,2131378926,v1r_clean_confirm_l4_12_state,E00_CLEAN,0,20,confirm
1,v1r_clean_confirm_l4_12,bowl_on_plate,4,2131378926,v1r_clean_confirm_l4_12_state,E00_CLEAN,0,20,confirm
2,v1r_clean_confirm_l4_12,bowl_on_plate,4,2131378926,v1r_clean_confirm_l4_12_state,E00_CLEAN,0,20,confirm
0,v1r_clean_confirm_l4_13,bowl_on_plate,4,308078866,v1r_clean_confirm_l4_13_state,E00_CLEAN,0,20,confirm
1,v1r_clean_confirm_l4_13,bowl_on_plate,4,308078866,v1r_clean_confirm_l4_13_state,E00_CLEAN,0,20,confirm
2,v1r_clean_confirm_l4_13,bowl_on_plate,4,308078866,v1r_clean_confirm_l4_13_state,E00_CLEAN,0,20,confirm
0,v1r_clean_confirm_l4_14,bowl_on_plate,4,148342344,v1r_clean_confirm_l4_14_state,E00_CLEAN,0,20,confirm
1,v1r_clean_confirm_l4_14,bowl_on_plate,4,148342344,v1r_clean_confirm_l4_14_state,E00_CLEAN,0,20,confirm
2,v1r_clean_confirm_l4_14,bowl_on_plate,4,148342344,v1r_clean_confirm_l4_14_state,E00_CLEAN,0,20,confirm
0,v1r_clean_confirm_l4_15,bowl_on_plate,4,479358223,v1r_clean_confirm_l4_15_state,E00_CLEAN,0,20,confirm
1,v1r_clean_confirm_l4_15,bowl_on_plate,4,479358223,v1r_clean_confirm_l4_15_state,E00_CLEAN,0,20,confirm
2,v1r_clean_confirm_l4_15,bowl_on_plate,4,479358223,v1r_clean_confirm_l4_15_state,E00_CLEAN,0,20,confirm
0,v1r_clean_confirm_l4_16,bowl_on_plate,4,2397486263,v1r_clean_confirm_l4_16_state,E00_CLEAN,0,20,confirm
1,v1r_clean_confirm_l4_16,bowl_on_plate,4,2397486263,v1r_clean_confirm_l4_16_state,E00_CLEAN,0,20,confirm
2,v1r_clean_confirm_l4_16,bowl_on_plate,4,2397486263,v1r_clean_confirm_l4_16_state,E00_CLEAN,0,20,confirm
0,v1r_clean_confirm_l4_17,bowl_on_plate,4,3694101556,v1r_clean_confirm_l4_17_state,E00_CLEAN,0,20,confirm
1,v1r_clean_confirm_l4_17,bowl_on_plate,4,3694101556,v1r_clean_confirm_l4_17_state,E00_CLEAN,0,20,confirm
2,v1r_clean_confirm_l4_17,bowl_on_plate,4,3694101556,v1r_clean_confirm_l4_17_state,E00_CLEAN,0,20,confirm
0,v1r_clean_confirm_l4_18,bowl_on_plate,4,1248300379,v1r_clean_confirm_l4_18_state,E00_CLEAN,0,20,confirm
1,v1r_clean_confirm_l4_18,bowl_on_plate,4,1248300379,v1r_clean_confirm_l4_18_state,E00_CLEAN,0,20,confirm
2,v1r_clean_confirm_l4_18,bowl_on_plate,4,1248300379,v1r_clean_confirm_l4_18_state,E00_CLEAN,0,20,confirm
0,v1r_clean_confirm_l4_19,bowl_on_plate,4,2409045552,v1r_clean_confirm_l4_19_state,E00_CLEAN,0,20,confirm
1,v1r_clean_confirm_l4_19,bowl_on_plate,4,2409045552,v1r_clean_confirm_l4_19_state,E00_CLEAN,0,20,confirm
2,v1r_clean_confirm_l4_19,bowl_on_plate,4,2409045552,v1r_clean_confirm_l4_19_state,E00_CLEAN,0,20,confirm
0,v1r_clean_confirm_l4_20,bowl_on_plate,4,1421289689,v1r_clean_confirm_l4_20_state,E00_CLEAN,0,20,confirm
1,v1r_clean_confirm_l4_20,bowl_on_plate,4,1421289689,v1r_clean_confirm_l4_20_state,E00_CLEAN,0,20,confirm
2,v1r_clean_confirm_l4_20,bowl_on_plate,4,1421289689,v1r_clean_confirm_l4_20_state,E00_CLEAN,0,20,confirm
0,v1r_clean_confirm_l4_21,bowl_on_plate,4,2012826486,v1r_clean_confirm_l4_21_state,E00_CLEAN,0,20,confirm
1,v1r_clean_confirm_l4_21,bowl_on_plate,4,2012826486,v1r_clean_confirm_l4_21_state,E00_CLEAN,0,20,confirm
2,v1r_clean_confirm_l4_21,bowl_on_plate,4,2012826486,v1r_clean_confirm_l4_21_state,E00_CLEAN,0,20,confirm
0,v1r_clean_confirm_l4_22,bowl_on_plate,4,1480140149,v1r_clean_confirm_l4_22_state,E00_CLEAN,0,20,confirm
1,v1r_clean_confirm_l4_22,bowl_on_plate,4,1480140149,v1r_clean_confirm_l4_22_state,E00_CLEAN,0,20,confirm
2,v1r_clean_confirm_l4_22,bowl_on_plate,4,1480140149,v1r_clean_confirm_l4_22_state,E00_CLEAN,0,20,confirm
0,v1r_clean_confirm_l4_23,bowl_on_plate,4,681463572,v1r_clean_confirm_l4_23_state,E00_CLEAN,0,20,confirm
1,v1r_clean_confirm_l4_23,bowl_on_plate,4,681463572,v1r_clean_confirm_l4_23_state,E00_CLEAN,0,20,confirm
2,v1r_clean_confirm_l4_23,bowl_on_plate,4,681463572,v1r_clean_confirm_l4_23_state,E00_CLEAN,0,20,confirm
0,v1r_clean_confirm_l4_24,bowl_on_plate,4,2865027011,v1r_clean_confirm_l4_24_state,E00_CLEAN,0,20,confirm
1,v1r_clean_confirm_l4_24,bowl_on_plate,4,2865027011,v1r_clean_confirm_l4_24_state,E00_CLEAN,0,20,confirm
2,v1r_clean_confirm_l4_24,bowl_on_plate,4,2865027011,v1r_clean_confirm_l4_24_state,E00_CLEAN,0,20,confirm
