local_path,size_bytes,type,description,reason,sha256
outputs/v1r/executable_absolute_contracts_2j/results.json,52489778,generated_runtime_result,V1-R.2J full per-step telemetry for four base and four tail-assisted absolute contracts,Raw runtime output remains under gitignored outputs; compact reports are tracked,c3127a4edcf16b69dc2c8157c122a91eba775dff12aaadf2cc05e86833247dbc
outputs/v1r/executable_absolute_contracts_2j/references/layout_1_demo_002.npz,189805,sequential_tail_reference_bundle,Layout 1 demo_2: regenerated continuous delta states and selected real tail targets,Generated NPZ remains local and is indexed by filename and hash,b53f539bc7f6a4dfca340b4eba5b4cfad13d779d8a91d89a0e7d89c25933fb4d
outputs/v1r/executable_absolute_contracts_2j/references/layout_1_demo_003.npz,174167,sequential_tail_reference_bundle,Layout 1 demo_3: regenerated continuous delta states and selected real tail targets,Generated NPZ remains local and is indexed by filename and hash,9338ca0bcb4b5f5a50d5d311b3bb45c44d3890b3c1a1e6022da37823763ad8a3
outputs/v1r/executable_absolute_contracts_2j/references/layout_1_demo_018.npz,181904,sequential_tail_reference_bundle,Layout 1 demo_18: regenerated continuous delta states and selected real tail targets,Generated NPZ remains local and is indexed by filename and hash,1bd514fa6dcf3a522d9fc5821ab7678ff8e4eb222ff3f5a2cfaca86d35007d68
outputs/v1r/executable_absolute_contracts_2j/references/layout_1_demo_021.npz,177877,sequential_tail_reference_bundle,Layout 1 demo_21: regenerated continuous delta states and selected real tail targets,Generated NPZ remains local and is indexed by filename and hash,4347324ef9b52df1f1647e4159bd2217ec5a1e8271c474a1e4d3391945e44884
outputs/v1r/executable_absolute_contracts_2j/references/layout_1_demo_025.npz,174959,sequential_tail_reference_bundle,Layout 1 demo_25: regenerated continuous delta states and selected real tail targets,Generated NPZ remains local and is indexed by filename and hash,d5e0ce137c45bb921ca42efa55b577f18aa30aa00eb03f5c5ed198480cbcee26
outputs/v1r/executable_absolute_contracts_2j/references/layout_2_demo_027.npz,160143,sequential_tail_reference_bundle,Layout 2 demo_27: regenerated continuous delta states and selected real tail targets,Generated NPZ remains local and is indexed by filename and hash,9ca8e30eabbd6778bf8d2866958e94bfa0588d33715e42dc4e47732b583b7d42
outputs/v1r/executable_absolute_contracts_2j/references/layout_2_demo_032.npz,165259,sequential_tail_reference_bundle,Layout 2 demo_32: regenerated continuous delta states and selected real tail targets,Generated NPZ remains local and is indexed by filename and hash,a105a9195033f32e2e6ff116d7613d8d2f1d48ff903f80e639e4927671d4929f
outputs/v1r/executable_absolute_contracts_2j/references/layout_2_demo_033.npz,170308,sequential_tail_reference_bundle,Layout 2 demo_33: regenerated continuous delta states and selected real tail targets,Generated NPZ remains local and is indexed by filename and hash,0faee8d47e4a0fb6e5d66381ab694d608f4db92125a3e065e8f5289618467ec1
outputs/v1r/executable_absolute_contracts_2j/references/layout_2_demo_059.npz,166221,sequential_tail_reference_bundle,Layout 2 demo_59: regenerated continuous delta states and selected real tail targets,Generated NPZ remains local and is indexed by filename and hash,001c65aa42ce615ab4a787bdf9022116f8c5434411631b7d706504c2293c7dab
outputs/v1r/executable_absolute_contracts_2j/references/layout_2_demo_073.npz,169339,sequential_tail_reference_bundle,Layout 2 demo_73: regenerated continuous delta states and selected real tail targets,Generated NPZ remains local and is indexed by filename and hash,48e3641dcb95a31c0c2510b97706d422ad4ffdd8106186267ba45d200b9fd476
outputs/v1r/executable_absolute_contracts_2j/references/layout_3_demo_000.npz,163866,sequential_tail_reference_bundle,Layout 3 demo_0: regenerated continuous delta states and selected real tail targets,Generated NPZ remains local and is indexed by filename and hash,7dd3d01fbe874852ed1257dd7e4d69a683ed0c577022ed7859e883fb7fc7e471
outputs/v1r/executable_absolute_contracts_2j/references/layout_3_demo_003.npz,180906,sequential_tail_reference_bundle,Layout 3 demo_3: regenerated continuous delta states and selected real tail targets,Generated NPZ remains local and is indexed by filename and hash,a0f8076c011c79e77ceef73f55c1675d975ae50e1e822c7225bf3658aef78fad
outputs/v1r/executable_absolute_contracts_2j/references/layout_3_demo_005.npz,166042,sequential_tail_reference_bundle,Layout 3 demo_5: regenerated continuous delta states and selected real tail targets,Generated NPZ remains local and is indexed by filename and hash,a4f18aeb8883335a09bb069516a4dec6eaebc3304d30bd05a41c5211d8cba2f2
outputs/v1r/executable_absolute_contracts_2j/references/layout_3_demo_006.npz,175603,sequential_tail_reference_bundle,Layout 3 demo_6: regenerated continuous delta states and selected real tail targets,Generated NPZ remains local and is indexed by filename and hash,6c626ce67ff98eeee6ea2d7735ad8cdd39b16ff5b73c01a604cd0089a78db8bc
outputs/v1r/executable_absolute_contracts_2j/references/layout_3_demo_010.npz,156422,sequential_tail_reference_bundle,Layout 3 demo_10: regenerated continuous delta states and selected real tail targets,Generated NPZ remains local and is indexed by filename and hash,038d2467bc072fb660d56ef674d268608e3ea42469f7d080dfe21db4de782a65
outputs/v1r/executable_absolute_contracts_2j/references/layout_4_demo_000.npz,158276,sequential_tail_reference_bundle,Layout 4 demo_0: regenerated continuous delta states and selected real tail targets,Generated NPZ remains local and is indexed by filename and hash,584d1a7c60abfe72aa95003401f04c27d40db80497147006f9244f2af8f97f9e
outputs/v1r/executable_absolute_contracts_2j/references/layout_4_demo_001.npz,169725,sequential_tail_reference_bundle,Layout 4 demo_1: regenerated continuous delta states and selected real tail targets,Generated NPZ remains local and is indexed by filename and hash,b7f034f100b5da00cb180e17d8bf24dd97d8cfd33470e784122d9b49cec14926
outputs/v1r/executable_absolute_contracts_2j/references/layout_4_demo_002.npz,167119,sequential_tail_reference_bundle,Layout 4 demo_2: regenerated continuous delta states and selected real tail targets,Generated NPZ remains local and is indexed by filename and hash,c3c9a185b9003741e1aa249f5979bdd08fc6e4d9954e8ccd8a40c6e1ac8902d8
outputs/v1r/executable_absolute_contracts_2j/references/layout_4_demo_005.npz,174943,sequential_tail_reference_bundle,Layout 4 demo_5: regenerated continuous delta states and selected real tail targets,Generated NPZ remains local and is indexed by filename and hash,f9050a2731f3e45d6675e4d6ab005349d995c3395915f3765989a6ded8e17f03
outputs/v1r/executable_absolute_contracts_2j/references/layout_4_demo_006.npz,148027,sequential_tail_reference_bundle,Layout 4 demo_6: regenerated continuous delta states and selected real tail targets,Generated NPZ remains local and is indexed by filename and hash,c2a36b8beb0d5986639154d6920c8bf8338179ec115f238ddfe4378db4c3d7d1
outputs/v1r/delta_pose_contract_2j/results.json,5917081,generated_runtime_result,"V1-R.2J delta-pose normalization, official runtime, and execution replay telemetry",Raw runtime output remains under gitignored outputs; compact report is tracked,585617ed7dc88c30cf5ac1af0eb1ce6b4cdb343e8f1b41399df2007bcf690379
