layout,demo_key,candidate_order,attempt_ordinal,attempt_kind,counts_toward_target,source_steps,raw_action_sha256,float32_label_sha256,decoded_action_sha256,first_contact_action_index,first_contact_time_seconds,first_success_action_index,first_success_time_seconds,failure_stage,accepted,artifact,model_xml,artifact_sha256,model_xml_sha256,executed_command_sequence_exact
1,demo_0,numeric_demo_index_ascending_within_layout,1,formal_candidate,True,211,606c3ce8e8e5c6bdd44368fcc424903581ca888dedf8eb727fa2a6b691053cc5,8c2ea982583c5d116c5a2026fde8a0106dca63e98ba9ca3257e22d7e72daa6a3,22d47b232bc5b392e591261aad84885449e23148f56cf7c379c9469f7a8eb5cc,88,4.4,,,contact_without_grasp,False,outputs/v1r/sequential_success_demos_2k_quantized_at_source/layout_1_demo_000_attempt_001.npz,outputs/v1r/sequential_success_demos_2k_quantized_at_source/layout_1_demo_000_attempt_001.xml,e7bda1ac4526b09b7b9496905e8ffc8397c4271c69f99d6e9a9f62e390560d1d,2a2163d7f28aba5b826a505a5129be8aff47f78d89bc33375144c9e37d86a02a,True
1,demo_2,numeric_demo_index_ascending_within_layout,2,formal_candidate,True,230,19d632bcfacc9f6daeb880e7cd78f67d9d30e7a75e986972ddd3f71cd75a5cc7,723a0bcaee47551eb06d82d495603e2da3ccd17def89b9f057425109f4985e73,5ebd2e24a91689ecdc1cea9f4a767fb1a44730b80d642e79475c8f6b695683d0,112,5.6,185,9.25,success,True,outputs/v1r/sequential_success_demos_2k_quantized_at_source/layout_1_demo_002_attempt_002.npz,outputs/v1r/sequential_success_demos_2k_quantized_at_source/layout_1_demo_002_attempt_002.xml,6421e6d42cd06b6c10378e5785b03fee6c804abd58d3c45da80248c5a58b4fd7,2a2163d7f28aba5b826a505a5129be8aff47f78d89bc33375144c9e37d86a02a,True
1,demo_3,numeric_demo_index_ascending_within_layout,3,formal_candidate,True,220,1873d2ba9b747b1eda140bbaa29dd2d028690a0f470c09dc89dd5f87b971f8ac,6655dbfd70c56d05921d452bcc7dde198308e92c1740b176d0978a5fd0769a6b,393b3f1f36a3f39e529690f7775c632ac88a1790b8def2a1b2cca7d8fe437dd6,103,5.15,169,8.45,success,True,outputs/v1r/sequential_success_demos_2k_quantized_at_source/layout_1_demo_003_attempt_003.npz,outputs/v1r/sequential_success_demos_2k_quantized_at_source/layout_1_demo_003_attempt_003.xml,bda96d65fe1d9eaf014b9a8ef851bb05fc010797156c88bedd6ceb8e1a700e27,2a2163d7f28aba5b826a505a5129be8aff47f78d89bc33375144c9e37d86a02a,True
1,demo_4,numeric_demo_index_ascending_within_layout,4,formal_candidate,True,200,548f0bf4d6b6f0a1cfa4c327a7540c515bb91284dff39b3e106299c0ee6bd924,a1c507f102135e39fd5f5620c7d1a7272ab6586bb576c09b90dfaf5fad1851cf,5952ee47ab61b73017f3e4133b70f287a45109680ab982cb56c7afed1b703393,106,5.3,,,contact_without_grasp,False,outputs/v1r/sequential_success_demos_2k_quantized_at_source/layout_1_demo_004_attempt_004.npz,outputs/v1r/sequential_success_demos_2k_quantized_at_source/layout_1_demo_004_attempt_004.xml,8124d6b5c4544b505d96a16f1831a37e06a906f7a99168d087bf27acd9b734d0,2a2163d7f28aba5b826a505a5129be8aff47f78d89bc33375144c9e37d86a02a,True
1,demo_5,numeric_demo_index_ascending_within_layout,5,formal_candidate,True,193,1602c6b0caf940cb7d5e84107d220d6c47afe4e455532e94db710918d9d0407c,efaace755eab191eea5a0ee90e35cec71a8e47b5d607e8c55f14c93289d82d81,eafb6e15bb70f0d0d2da1589612861e07a7307189dfa20f4eca15e526bb4193b,88,4.4,,,contact_without_grasp,False,outputs/v1r/sequential_success_demos_2k_quantized_at_source/layout_1_demo_005_attempt_005.npz,outputs/v1r/sequential_success_demos_2k_quantized_at_source/layout_1_demo_005_attempt_005.xml,b17ba97394be8609d61d9c6846741e500321b1aeee51bfaa6146d58f3f0d4b25,2a2163d7f28aba5b826a505a5129be8aff47f78d89bc33375144c9e37d86a02a,True
1,demo_6,numeric_demo_index_ascending_within_layout,6,formal_candidate,True,221,cd6836f57a00a0bf255d463ddf771aa2f78599db376bdf6224215efbec652539,13475128ddce0b3a75659fcf4aaadf7125c0c8053114027add0d9a97d4ca5fe2,eb8d5bdd9cb6414c384d09ca39a4ebf9ffb9c00ceaed55f077ec922deb592d40,90,4.5,,,contact_without_grasp,False,outputs/v1r/sequential_success_demos_2k_quantized_at_source/layout_1_demo_006_attempt_006.npz,outputs/v1r/sequential_success_demos_2k_quantized_at_source/layout_1_demo_006_attempt_006.xml,dc520e3f37e46c6155254ff2d0b61c0d9796945bc875aeb76fe3941873153efe,2a2163d7f28aba5b826a505a5129be8aff47f78d89bc33375144c9e37d86a02a,True
1,demo_8,numeric_demo_index_ascending_within_layout,7,formal_candidate,True,209,75ef8810bed10480099a2d663b49482d78c6fec50ac71fd60c952a58dc5a6def,61ec322f0c686b775bb1d30002fbc14e206f49db7b652734d5a80a6b4af30d99,2c47067bbf3962c268d7a6e7b354d28fa5c1c5881a16eb98849e1e7d4e2596e3,119,5.95,,,contact_without_grasp,False,outputs/v1r/sequential_success_demos_2k_quantized_at_source/layout_1_demo_008_attempt_007.npz,outputs/v1r/sequential_success_demos_2k_quantized_at_source/layout_1_demo_008_attempt_007.xml,d7d96c28c09a11babe62965ad6529b216e216a018fe94559af342a0038a30bcf,2a2163d7f28aba5b826a505a5129be8aff47f78d89bc33375144c9e37d86a02a,True
1,demo_9,numeric_demo_index_ascending_within_layout,8,formal_candidate,True,215,30c3bb0fbb858b35d02fc69970b39de299cedf78256846400d500230de264b60,ce2c8b1fb0e63172db77a49b2cf948a1987c42244ff657bdf315e2851f33c9cc,f26fdd462f1e715598f07c356b392dbf60a55b8a501c5e0e3819b6ec505cc59c,87,4.35,,,contact_without_grasp,False,outputs/v1r/sequential_success_demos_2k_quantized_at_source/layout_1_demo_009_attempt_008.npz,outputs/v1r/sequential_success_demos_2k_quantized_at_source/layout_1_demo_009_attempt_008.xml,a19ea8dbd50cc6de09d54d1a73dcac8a95536dd309c2185722016fb86134f5fa,2a2163d7f28aba5b826a505a5129be8aff47f78d89bc33375144c9e37d86a02a,True
1,demo_10,numeric_demo_index_ascending_within_layout,9,formal_candidate,True,209,65a06a86de2d739f866782a0395d117e7fe1e96244a0e4068e710cfa2c844ce4,8455da710dd4c2a5f67501c3bb80400f807367da8886b45b11d16b489d0edceb,3654159d551bfc7990aede86896e212ae72fd43dc3f607d5c9de7816b45c621b,111,5.55,,,contact_without_grasp,False,outputs/v1r/sequential_success_demos_2k_quantized_at_source/layout_1_demo_010_attempt_009.npz,outputs/v1r/sequential_success_demos_2k_quantized_at_source/layout_1_demo_010_attempt_009.xml,3566ea7f70a42adffa5be029a15f218974c9bfceae86240886db0fcb1624e1fe,2a2163d7f28aba5b826a505a5129be8aff47f78d89bc33375144c9e37d86a02a,True
1,demo_11,numeric_demo_index_ascending_within_layout,10,formal_candidate,True,211,95b933e584d03821c6b68b99a6c7c446d0b7736c271b24aa2ac999a61d3c835e,6197a255a33501d87d428a26d7cfaf3e32f28679a148518cc0c9495ea4a3840b,df4e9d445c4e22b2d12fa6c0f617cd8d34038768bf405c169d74515dd1f0f5b2,87,4.35,,,contact_without_grasp,False,outputs/v1r/sequential_success_demos_2k_quantized_at_source/layout_1_demo_011_attempt_010.npz,outputs/v1r/sequential_success_demos_2k_quantized_at_source/layout_1_demo_011_attempt_010.xml,592e460921b8e030cde2cae0491f4476bdd5bf8c768468a8388a3c69c1298aa4,2a2163d7f28aba5b826a505a5129be8aff47f78d89bc33375144c9e37d86a02a,True
1,demo_12,numeric_demo_index_ascending_within_layout,11,formal_candidate,True,200,1c633eb545364b5fbf21c79119c8d08a0c3ca28d8a692eef822e79ab99fe34d7,c113f596a6b4bc5911a1f97f7ca2ea9cc3ef53e77997bdd0e53e084752c2a7fa,8acaf808d4331f947394991a0d4bf0773741545fb5d7f746bb111ea3a7f0f67f,107,5.35,,,contact_without_grasp,False,outputs/v1r/sequential_success_demos_2k_quantized_at_source/layout_1_demo_012_attempt_011.npz,outputs/v1r/sequential_success_demos_2k_quantized_at_source/layout_1_demo_012_attempt_011.xml,18b569d1d076070dbf4e292d0f5ecefd63d3798bb653c7a1fffa9c1446089b13,2a2163d7f28aba5b826a505a5129be8aff47f78d89bc33375144c9e37d86a02a,True
1,demo_14,numeric_demo_index_ascending_within_layout,12,formal_candidate,True,225,17c2bdd3241ced56a50f985acbc8d67026a67a9b048be1f59a8b6998456e1db3,4327dc83f20fb62da8e3c231282b6d33393272c359bbdf3f489a74818c20f962,52df4dac5b134d0e662736015493a475557421493f64ca1b51e65964d2d50b1d,107,5.35,,,contact_without_grasp,False,outputs/v1r/sequential_success_demos_2k_quantized_at_source/layout_1_demo_014_attempt_012.npz,outputs/v1r/sequential_success_demos_2k_quantized_at_source/layout_1_demo_014_attempt_012.xml,d6aedc55b2d030551f984950fa7d49416988bcb696743f1cc10568a2dfc062eb,2a2163d7f28aba5b826a505a5129be8aff47f78d89bc33375144c9e37d86a02a,True
1,demo_15,numeric_demo_index_ascending_within_layout,13,formal_candidate,True,202,9a156089c85b98183fb3822302a5bcdc1918508358bb1db3702858b3c850a41e,36d03a195847f5b0754726dae7e5ef86e2e1f803f49a7b1fe283644e539b8845,34cbb7d23feac924127c4930319b9107f745898b2c6dc273d5fb8181be6a2cff,88,4.4,,,contact_without_grasp,False,outputs/v1r/sequential_success_demos_2k_quantized_at_source/layout_1_demo_015_attempt_013.npz,outputs/v1r/sequential_success_demos_2k_quantized_at_source/layout_1_demo_015_attempt_013.xml,f62f2f50108b2eaaad455941eab4ab6daf288f0668f30ee66a9ba9c1f7072402,2a2163d7f28aba5b826a505a5129be8aff47f78d89bc33375144c9e37d86a02a,True
1,demo_16,numeric_demo_index_ascending_within_layout,14,formal_candidate,True,199,ff283919fd85ed8b9bcc0822e4a594c76710e33b167ffa3e9d8b9c51f0252bd7,71049cef262b6ac88ae5b868259d4935c451c9d468d3f9f09be1e5123750496c,51d07942e3492020bfccd70243607b3166f0437acdfe4252d229da21d69376f6,88,4.4,,,other_after_grasp_without_task_success,False,outputs/v1r/sequential_success_demos_2k_quantized_at_source/layout_1_demo_016_attempt_014.npz,outputs/v1r/sequential_success_demos_2k_quantized_at_source/layout_1_demo_016_attempt_014.xml,65c552d72a615b05bd826778cae11bb320647aa4f1f496e10b1743f7b64614bc,2a2163d7f28aba5b826a505a5129be8aff47f78d89bc33375144c9e37d86a02a,True
1,demo_17,numeric_demo_index_ascending_within_layout,15,formal_candidate,True,199,0829d2896f2724d5f86e7b3a88cab9ff5336e63dc5c85c3e2b2972a0080c40a2,e75fb92cadcff42dcb42bd16141df817923abf3ff976cb8468086519995e7e5e,be4b9ca4f8e7f6267d9a99fca3c3b2d1f952bf424ca9059e3307cc60249d6287,89,4.45,,,contact_without_grasp,False,outputs/v1r/sequential_success_demos_2k_quantized_at_source/layout_1_demo_017_attempt_015.npz,outputs/v1r/sequential_success_demos_2k_quantized_at_source/layout_1_demo_017_attempt_015.xml,b8ba89af0e32b88b6d1267510f57e774ae2b5408e0d31bd41a2523cd9df6d744,2a2163d7f28aba5b826a505a5129be8aff47f78d89bc33375144c9e37d86a02a,True
1,demo_18,numeric_demo_index_ascending_within_layout,16,formal_candidate,True,200,af20384841744aa2497d1fa708b6aeb7c2d20c3c7e9b9b311ed4f34be696a9ce,5c6f792a1e75ffd9c2d89aac57d18cc6c029dd277eb1f5ef7f25d478cef08068,6231f3c9b94d6d7d89c0e316ea58dc1364e76156c94c37b8966c63ee789109b3,103,5.15,179,8.95,success,True,outputs/v1r/sequential_success_demos_2k_quantized_at_source/layout_1_demo_018_attempt_016.npz,outputs/v1r/sequential_success_demos_2k_quantized_at_source/layout_1_demo_018_attempt_016.xml,74086f27ba8a324bcefe957734808c903a79ca195c067bab4e34507c18e92551,2a2163d7f28aba5b826a505a5129be8aff47f78d89bc33375144c9e37d86a02a,True
1,demo_19,numeric_demo_index_ascending_within_layout,17,formal_candidate,True,217,20c4abf262b9ded5aa4225edcbd6ecf803b5d1c06bf4fdefc5fb7834fbfe3bfb,1f6795961f9280b1fd5aace66f9e361808e716b54432b550ae9fa1b839b4ed26,81b4946cd8eb0de0dccd5f335ebb3130ad21e9185a54fe7d1eca342c050d8f4c,88,4.4,,,other_after_grasp_without_task_success,False,outputs/v1r/sequential_success_demos_2k_quantized_at_source/layout_1_demo_019_attempt_017.npz,outputs/v1r/sequential_success_demos_2k_quantized_at_source/layout_1_demo_019_attempt_017.xml,d81c2aaf137e416863e60563942a6a5b162d61f309079ede5efe23b58418b6ec,2a2163d7f28aba5b826a505a5129be8aff47f78d89bc33375144c9e37d86a02a,True
1,demo_20,numeric_demo_index_ascending_within_layout,18,formal_candidate,True,192,fc7fd2cb002bf41dfefeb09c2656dc5376a3ea6aaea4526fa0733df98d40cde0,16c47912305843f37b11a06b84cc935504cff3cd14aac842c655e0736ff0d3ea,2e61c49a3766f8bc96111193d186ab8b9622a0c7d9f3c8b34ee6df693042c34e,88,4.4,,,contact_without_grasp,False,outputs/v1r/sequential_success_demos_2k_quantized_at_source/layout_1_demo_020_attempt_018.npz,outputs/v1r/sequential_success_demos_2k_quantized_at_source/layout_1_demo_020_attempt_018.xml,51bc170f049a7dc49fcac98f6ddf4ef87225a6ea42e40fff8e1997f95400d095,2a2163d7f28aba5b826a505a5129be8aff47f78d89bc33375144c9e37d86a02a,True
1,demo_21,numeric_demo_index_ascending_within_layout,19,formal_candidate,True,214,4bb3b54ec6bcea03a75ad887ccfa1b0513ff91d71375c2fa12d65f77b934aa94,594ee3f5bfef5271b68eaa22ba7e8150366cda09b70a1eab1c2387dd8f4375ec,2c7f3f4aeb97e8c0b9302f9d923ed2c84a6836ec0e6941ada96dc7d392263855,103,5.15,174,8.7,success,True,outputs/v1r/sequential_success_demos_2k_quantized_at_source/layout_1_demo_021_attempt_019.npz,outputs/v1r/sequential_success_demos_2k_quantized_at_source/layout_1_demo_021_attempt_019.xml,bacde9b824b3ece62dbd304233ea9cd62d78aa50bf2d0d633b5abc6acfef8686,2a2163d7f28aba5b826a505a5129be8aff47f78d89bc33375144c9e37d86a02a,True
1,demo_23,numeric_demo_index_ascending_within_layout,20,formal_candidate,True,219,88585a501be7a2288d22a9c516a118cbf475e7af093cefa930b45f664e50ca8d,de20a3b6eae02d14cce8e6837ae9bfcf778475780920a172417304b0be076eaa,6d1e99db8d2a7c230073726c0ddc39f5ef53c04260bcb3342446384ab81a6535,112,5.6,,,contact_without_grasp,False,outputs/v1r/sequential_success_demos_2k_quantized_at_source/layout_1_demo_023_attempt_020.npz,outputs/v1r/sequential_success_demos_2k_quantized_at_source/layout_1_demo_023_attempt_020.xml,3859dc973ee72398b0c8c57dfce402dd94c152e3a2ac2fe74eb442d6c0014690,2a2163d7f28aba5b826a505a5129be8aff47f78d89bc33375144c9e37d86a02a,True
1,demo_24,numeric_demo_index_ascending_within_layout,21,formal_candidate,True,203,e30b61fa7e9f557ed74653082ad3467b572c2c8f18e9fd26c2ee1cc1bcb383e4,938d5613a128ba3702f8496cb0e3022567013e658f366892eed19d0b190e09d3,e11fe394c9d3acb5d932b2f5388b9a523f479264f55395932ca4bf9837762db7,103,5.15,,,contact_without_grasp,False,outputs/v1r/sequential_success_demos_2k_quantized_at_source/layout_1_demo_024_attempt_021.npz,outputs/v1r/sequential_success_demos_2k_quantized_at_source/layout_1_demo_024_attempt_021.xml,3fdf8de3d5cd8fe9b209f2f676077496e2b690f242e9fa932f6be62c38ec93c0,2a2163d7f28aba5b826a505a5129be8aff47f78d89bc33375144c9e37d86a02a,True
1,demo_25,numeric_demo_index_ascending_within_layout,22,formal_candidate,True,194,c948d853a108dce98f7ddb549a807ca116161e2d3559a3b158a84735ac7b457c,b47a0588b832382b090feb9760aec0e2106fe9395739d422536cae040729beca,832c94505f56450b13dc876ce0518a85902e271fb20ab34e7b193b80c09aabea,87,4.35,169,8.45,success,True,outputs/v1r/sequential_success_demos_2k_quantized_at_source/layout_1_demo_025_attempt_022.npz,outputs/v1r/sequential_success_demos_2k_quantized_at_source/layout_1_demo_025_attempt_022.xml,5692252e9992079acd76fde4823e195e395de80eea6460b061a697bc61bc23cd,2a2163d7f28aba5b826a505a5129be8aff47f78d89bc33375144c9e37d86a02a,True
2,demo_0,numeric_demo_index_ascending_within_layout,23,formal_candidate,True,187,e1ec26fefd59297b2a7c5de375fb4bf054085a66de883dc45c467e95facbe0d1,77f122bcbe33f0c97315272639cb0e00d064f6b2a1f03a58d9e3f4e0e2206000,2553d12de32d3c827deb377c794241a8d997146dabc439b29ce5eb7a68ffacbf,99,4.95,,,contact_without_grasp,False,outputs/v1r/sequential_success_demos_2k_quantized_at_source/layout_2_demo_000_attempt_023.npz,outputs/v1r/sequential_success_demos_2k_quantized_at_source/layout_2_demo_000_attempt_023.xml,ebb6df794e5e81599939e247afa53aafe47cf100131fbd827f266b9f106f69a7,3abb7fb5e0738347d4db7dcf4172f737696399a5bbfa248c241c55b59ca768fb,True
2,demo_27,numeric_demo_index_ascending_within_layout,24,formal_candidate,True,185,2b01a64d29b3ca20a8073c9893f44cb0e2e968a26fcb68321c3e97310fb242d8,71195ca301a892834ad63cf5feb2837b6798f68781df0ba2e2c17b18f244c43f,bd0770d8222453f586f5563b39bed0171450ab1bb83527d4e883c3298403ad4c,97,4.85,154,7.7,success,True,outputs/v1r/sequential_success_demos_2k_quantized_at_source/layout_2_demo_027_attempt_024.npz,outputs/v1r/sequential_success_demos_2k_quantized_at_source/layout_2_demo_027_attempt_024.xml,7e9607c5e5281cece1e92cc92bf78adf80076259f1d65b77f8b9e43d27e726d3,3abb7fb5e0738347d4db7dcf4172f737696399a5bbfa248c241c55b59ca768fb,True
2,demo_32,numeric_demo_index_ascending_within_layout,25,formal_candidate,True,190,61117165f30d6c67524de42db9b76be69c1154b6d52701c9fe673bd0ac446ddf,0e8d528900e81012c25aba52cad258b3ad04cd0aeed4902ae80a569bf17d7272,be908fd81d09ac07b7ba85e56ba396fbd52eef7ef6039bd9d5aa6a27c7160e50,101,5.05,159,7.95,success,True,outputs/v1r/sequential_success_demos_2k_quantized_at_source/layout_2_demo_032_attempt_025.npz,outputs/v1r/sequential_success_demos_2k_quantized_at_source/layout_2_demo_032_attempt_025.xml,2235d0f7e4cc51712e432432f9c5a7b22e6e136d3358662b7ce75fef24792044,3abb7fb5e0738347d4db7dcf4172f737696399a5bbfa248c241c55b59ca768fb,True
2,demo_33,numeric_demo_index_ascending_within_layout,26,formal_candidate,True,206,d9482e68850f12fe461406a00d434bca8a5fc99f30d0004863199914e6a0c9c3,e120287f1f946a184c2706a4f733f58afe06644432c7e2c2dced4d1496f1943d,0bb0b33506637dc22ed596c2b0028b51287996600d5c8e4f19b1cc98ef96f2b3,99,4.95,165,8.25,success,True,outputs/v1r/sequential_success_demos_2k_quantized_at_source/layout_2_demo_033_attempt_026.npz,outputs/v1r/sequential_success_demos_2k_quantized_at_source/layout_2_demo_033_attempt_026.xml,162e8ad1f4c3aa1eccd594254d2bae8cff7cfdd0d70ead87f6ed0664b37e9c18,3abb7fb5e0738347d4db7dcf4172f737696399a5bbfa248c241c55b59ca768fb,True
2,demo_52,numeric_demo_index_ascending_within_layout,27,formal_candidate,True,206,89126cdf32ebaad9db9ca435989769cfe5305bb1d78458262daff1c6c63f2985,967a5e852ba2c7c11c0526eeb6ce4d616daa35ef21a255e46225c3564ccac3c0,559a5f521aefbc9291206bdb1b354b3bc3043a7b7fb3f18a226090b3a1719d85,99,4.95,,,contact_without_grasp,False,outputs/v1r/sequential_success_demos_2k_quantized_at_source/layout_2_demo_052_attempt_027.npz,outputs/v1r/sequential_success_demos_2k_quantized_at_source/layout_2_demo_052_attempt_027.xml,975bd267bbe0fb236bcb8860a49e94ad92690305a70c50552bea0f113d49e057,3abb7fb5e0738347d4db7dcf4172f737696399a5bbfa248c241c55b59ca768fb,True
2,demo_59,numeric_demo_index_ascending_within_layout,28,formal_candidate,True,194,97be0e1fa9c0d944a7e412ae80214ea264b171ba01acac713c525a4d65b427bc,908fc7e1ff96566a7d1ea52544db1eb8ba25a437b55e348fbcde9549e8fe9555,5542355b191637a33726e938be1e2389715ec2bafff66b68fa462f8ec1481ea7,100,5.0,161,8.05,success,True,outputs/v1r/sequential_success_demos_2k_quantized_at_source/layout_2_demo_059_attempt_028.npz,outputs/v1r/sequential_success_demos_2k_quantized_at_source/layout_2_demo_059_attempt_028.xml,40ab69444ea23f0642b9a9c70787f5505c91ca1604c831bfcf5233abda8075bf,3abb7fb5e0738347d4db7dcf4172f737696399a5bbfa248c241c55b59ca768fb,True
2,demo_67,numeric_demo_index_ascending_within_layout,29,formal_candidate,True,194,9a8cc766ea4ce08a3270a8aeeef257fa19a0367213716e50297daef3ac7711e0,80588814ed221013b4ddc872183f0b9c86b773edf28e41e2aa770d762c506681,a227117a6442474a6688dc29865ec38a799b126c3b5bee4421e785b10c44e375,99,4.95,,,contact_without_grasp,False,outputs/v1r/sequential_success_demos_2k_quantized_at_source/layout_2_demo_067_attempt_029.npz,outputs/v1r/sequential_success_demos_2k_quantized_at_source/layout_2_demo_067_attempt_029.xml,2ee1c23f3f8e7183ac0b7cfb7d00d295554e3cc362d091ed25f35932064fa5e6,3abb7fb5e0738347d4db7dcf4172f737696399a5bbfa248c241c55b59ca768fb,True
2,demo_72,numeric_demo_index_ascending_within_layout,30,formal_candidate,True,188,bb3ce5b2964008f88e2309be202d640bdf903437a2bfe503b4e6f3fbe466cfd4,2a3cebcac925adad9f2bcdce304841c09463da7e7a50134ae571cd4e4d1333e8,b68e1233a2b7fd658a30c69f4f88122c648ad179bc9f25878d9d273e2312fcd1,98,4.9,,,contact_without_grasp,False,outputs/v1r/sequential_success_demos_2k_quantized_at_source/layout_2_demo_072_attempt_030.npz,outputs/v1r/sequential_success_demos_2k_quantized_at_source/layout_2_demo_072_attempt_030.xml,526de3f5cc749813e47a47ea649beaab092c7eeea4c902eec5e007d87d339e2a,3abb7fb5e0738347d4db7dcf4172f737696399a5bbfa248c241c55b59ca768fb,True
2,demo_73,numeric_demo_index_ascending_within_layout,31,formal_candidate,True,198,037f31b016a54bdb775f6120d90c7287044619bc3870d861f425f45b47dc6cb0,beeb16fcb0c4fb51e2a4277483cd4a3f8c4a155eda5c163e0493f6d68466a4c8,314e75e2305519bdc9a4c1ae29a08d87e83854027b188fc0f84925cbcd824e2d,86,4.3,164,8.2,success,True,outputs/v1r/sequential_success_demos_2k_quantized_at_source/layout_2_demo_073_attempt_031.npz,outputs/v1r/sequential_success_demos_2k_quantized_at_source/layout_2_demo_073_attempt_031.xml,136eb63586043806a7e497960b38dfc66dc5276a1e44b984000944639dcb4c76,3abb7fb5e0738347d4db7dcf4172f737696399a5bbfa248c241c55b59ca768fb,True
3,demo_0,numeric_demo_index_ascending_within_layout,32,formal_candidate,True,188,e9ce32b9643f097b1081303c88ad0a12a37e755580ccc43fe8b210ad9af217ef,57a550c9030f36ba38d805b4fbe0328f485c71f8a6b3150a84c6fcf70fafa838,e0f149d1d0d1ab3a8e630c6f39da6efe3708bffb02e874e23df6f6f2921bc41c,77,3.85,159,7.95,success,True,outputs/v1r/sequential_success_demos_2k_quantized_at_source/layout_3_demo_000_attempt_032.npz,outputs/v1r/sequential_success_demos_2k_quantized_at_source/layout_3_demo_000_attempt_032.xml,d1bbef9b5064b78870e5b93b4cd4af84a67fa36b1f1b151342089139b04f55cb,af0edc8069c72015908def32b95befcda162f3a47bed439f5a91e246c3a1f265,True
3,demo_3,numeric_demo_index_ascending_within_layout,33,formal_candidate,True,199,9ca05060922ece10fb1b10a602e00454ae8afd370ba15fb68d386c6fdcce6cf1,317c56a60aced3d2b02f00d4d6906f884511ddb16be783fdf01e17cc49fae9f7,c8245d1000ae46d96564a0c822381e516b4ca56548130c6d970ea3457b0a13d9,108,5.4,176,8.8,success,True,outputs/v1r/sequential_success_demos_2k_quantized_at_source/layout_3_demo_003_attempt_033.npz,outputs/v1r/sequential_success_demos_2k_quantized_at_source/layout_3_demo_003_attempt_033.xml,b47f21140a38a9e9d8fef8bcfe3470c773dcd931e6d3bb320aeffa8487941c40,af0edc8069c72015908def32b95befcda162f3a47bed439f5a91e246c3a1f265,True
3,demo_5,numeric_demo_index_ascending_within_layout,34,formal_candidate,True,173,f3d458383ab635c983beeabe5b6696e6e914f79f70e1486c7a1bb4327afe2b3e,93536f1e494fbc425e745923285689e95865b622865228391e3d95d45ae05ad0,1cf64824effe5973ad5bbdbd27533c3385b571aa72a02c52e6b5bea29a06b8b4,77,3.85,170,8.5,success,True,outputs/v1r/sequential_success_demos_2k_quantized_at_source/layout_3_demo_005_attempt_034.npz,outputs/v1r/sequential_success_demos_2k_quantized_at_source/layout_3_demo_005_attempt_034.xml,4a9b71c8760f878c27836645f9aeb4ef7e3047fac7d0a9d67de1335d75c7ffc8,af0edc8069c72015908def32b95befcda162f3a47bed439f5a91e246c3a1f265,True
3,demo_6,numeric_demo_index_ascending_within_layout,35,formal_candidate,True,202,a0c6d4d579e1b5d0a380fdfb137521ffdc1b10ca1f92b50e7dc12a60c549d8b0,ff253386de80c51b7134f060ff2b655295c7813847dca6311ba90e5a20536ca8,6bd2f133759f92a7cf5a0caf38d4417c2155bd38cd728b43143bfc5080ad20c0,77,3.85,169,8.45,success,True,outputs/v1r/sequential_success_demos_2k_quantized_at_source/layout_3_demo_006_attempt_035.npz,outputs/v1r/sequential_success_demos_2k_quantized_at_source/layout_3_demo_006_attempt_035.xml,a0a6b23fd9e5219daa91937e0fec29656e5d8788fee85492657146c697aab5a4,af0edc8069c72015908def32b95befcda162f3a47bed439f5a91e246c3a1f265,True
3,demo_10,numeric_demo_index_ascending_within_layout,36,formal_candidate,True,191,db2e4678938f0826238c2dae771ff0e854bcd2ab8387ee0e2594704fa49c4238,3d5da528740898b349c5df3cf33e8b2023c78a7c77307aeca5af127ad0636d67,49396708c15df547bc65f02817b115d766dc1eff4b12b58abc64caa5c13c80ee,77,3.85,150,7.5,success,True,outputs/v1r/sequential_success_demos_2k_quantized_at_source/layout_3_demo_010_attempt_036.npz,outputs/v1r/sequential_success_demos_2k_quantized_at_source/layout_3_demo_010_attempt_036.xml,cb6f39cebd9f68a3e24f0dc3b595de49a7f3317f008d5ae9c040a8455a62693b,af0edc8069c72015908def32b95befcda162f3a47bed439f5a91e246c3a1f265,True
4,demo_0,numeric_demo_index_ascending_within_layout,37,formal_candidate,True,177,218b10e37116cd54a8de45d16da7d23471556d94d9dc4bb7630d41340ffb2822,86e92f268778174a463a4333656fcbcd9040be782483065d03c88071dab18dad,e41ae8443b155f9b5c0807739dfda21722935c053a29928e18a634a026427ae7,83,4.15,157,7.85,success,True,outputs/v1r/sequential_success_demos_2k_quantized_at_source/layout_4_demo_000_attempt_037.npz,outputs/v1r/sequential_success_demos_2k_quantized_at_source/layout_4_demo_000_attempt_037.xml,c6a7e1974dd42e3dce0aeb61429cf852eceede52e507923eb388167ba1e6b636,0497706de31e4ceacdca26939cf6986ba3fbcc9dc3759341a24ad067edd7d049,True
4,demo_1,numeric_demo_index_ascending_within_layout,38,formal_candidate,True,197,2833b6a7724e3bc32758440eb60c3982917a9ca2a795b13a1d0e36dc54bbc9fc,9bf8e7a29f00767f8866f453e7779ab23b90b8c4d53609083d28ef3c4bb6343d,e40091a49e392d5c3ea8555d62c467a3439214a685d50cc52384a97648e40013,88,4.4,170,8.5,success,True,outputs/v1r/sequential_success_demos_2k_quantized_at_source/layout_4_demo_001_attempt_038.npz,outputs/v1r/sequential_success_demos_2k_quantized_at_source/layout_4_demo_001_attempt_038.xml,d079e11d3b04ac05ff58f3601d8433d2fcf54337cc82d4164c2f93421286de1d,0497706de31e4ceacdca26939cf6986ba3fbcc9dc3759341a24ad067edd7d049,True
4,demo_2,numeric_demo_index_ascending_within_layout,39,formal_candidate,True,184,2c375b4c66c9c35ad9c154bcebc8f23a3cb98fbcf003c114ffcf593f5f47a302,0b3d946f458dc3a6568358f3a88d7778ceb97403e31095a73eacce131a71d861,e6b4a612b7ad4eec5bb512411ccc56e6ef6b4634c3694f1eaa98ffcf881a01a6,91,4.55,167,8.35,success,True,outputs/v1r/sequential_success_demos_2k_quantized_at_source/layout_4_demo_002_attempt_039.npz,outputs/v1r/sequential_success_demos_2k_quantized_at_source/layout_4_demo_002_attempt_039.xml,92ff00c529c6570903d09f9aa4462abf024aee1b9437fde3a7c9d6429ca3ed92,0497706de31e4ceacdca26939cf6986ba3fbcc9dc3759341a24ad067edd7d049,True
4,demo_5,numeric_demo_index_ascending_within_layout,40,formal_candidate,True,191,f1a0032eb17fe69bd74e43a8d245287c2837b4ac43a4aa2d241a4e921fcc7504,39cc0e5d275e3a0666290367f36889f5e40cc13d1e6f1378922cec02220c6f60,1ca9bbdc22839f70c8ad9c95e4dde54bc62654cf9f7ab2aec122b42118902e9e,92,4.6,185,9.25,success,True,outputs/v1r/sequential_success_demos_2k_quantized_at_source/layout_4_demo_005_attempt_040.npz,outputs/v1r/sequential_success_demos_2k_quantized_at_source/layout_4_demo_005_attempt_040.xml,31324e845f1d4c14d404cab714c3fd1cbc4677fc1521c9ecd3b774fc388e27d5,0497706de31e4ceacdca26939cf6986ba3fbcc9dc3759341a24ad067edd7d049,True
4,demo_6,numeric_demo_index_ascending_within_layout,41,formal_candidate,True,170,97a3ed09bc521554074316333802483041525a8945ff022a641f6f12d163cfea,499cae5b27e90037729dc2ddeae259c3cdd30d08f614d039055392823097c50b,b2caba82f258a0aaf9c94a9682f53b165808d6deec3c9f97503021f29bbcd2d8,87,4.35,147,7.35,success,True,outputs/v1r/sequential_success_demos_2k_quantized_at_source/layout_4_demo_006_attempt_041.npz,outputs/v1r/sequential_success_demos_2k_quantized_at_source/layout_4_demo_006_attempt_041.xml,a9200d50286b15dbe9886ad8e481d085ac14b741390b0067e08d1c3998eef635,0497706de31e4ceacdca26939cf6986ba3fbcc9dc3759341a24ad067edd7d049,True
