training_seed,scenario_id,condition,task,simulator_seed,initial_state_pair_key,object_point_identity_key,occlusion_start_step,occlusion_duration_steps,control_hz,split
0,pb_bowl_s0_000,E00,bowl_on_plate,4173202280,pb_bowl_s0_000_state,pb_bowl_s0_000_points128,,0,20,test
0,pb_bowl_s0_000,E10,bowl_on_plate,4173202280,pb_bowl_s0_000_state,pb_bowl_s0_000_points128,20,5,20,test
0,pb_bowl_s0_001,E00,bowl_on_plate,3406851539,pb_bowl_s0_001_state,pb_bowl_s0_001_points128,,0,20,test
0,pb_bowl_s0_001,E10,bowl_on_plate,3406851539,pb_bowl_s0_001_state,pb_bowl_s0_001_points128,25,10,20,test
0,pb_bowl_s0_002,E00,bowl_on_plate,203271036,pb_bowl_s0_002_state,pb_bowl_s0_002_points128,,0,20,test
0,pb_bowl_s0_002,E10,bowl_on_plate,203271036,pb_bowl_s0_002_state,pb_bowl_s0_002_points128,30,5,20,test
0,pb_bowl_s0_003,E00,bowl_on_plate,1883691711,pb_bowl_s0_003_state,pb_bowl_s0_003_points128,,0,20,test
0,pb_bowl_s0_003,E10,bowl_on_plate,1883691711,pb_bowl_s0_003_state,pb_bowl_s0_003_points128,35,10,20,test
0,pb_bowl_s0_004,E00,bowl_on_plate,956555592,pb_bowl_s0_004_state,pb_bowl_s0_004_points128,,0,20,test
0,pb_bowl_s0_004,E10,bowl_on_plate,956555592,pb_bowl_s0_004_state,pb_bowl_s0_004_points128,20,5,20,test
0,pb_bowl_s0_005,E00,bowl_on_plate,4145884050,pb_bowl_s0_005_state,pb_bowl_s0_005_points128,,0,20,test
0,pb_bowl_s0_005,E10,bowl_on_plate,4145884050,pb_bowl_s0_005_state,pb_bowl_s0_005_points128,25,10,20,test
0,pb_bowl_s0_006,E00,bowl_on_plate,1752719105,pb_bowl_s0_006_state,pb_bowl_s0_006_points128,,0,20,test
0,pb_bowl_s0_006,E10,bowl_on_plate,1752719105,pb_bowl_s0_006_state,pb_bowl_s0_006_points128,30,5,20,test
0,pb_bowl_s0_007,E00,bowl_on_plate,2292088229,pb_bowl_s0_007_state,pb_bowl_s0_007_points128,,0,20,test
0,pb_bowl_s0_007,E10,bowl_on_plate,2292088229,pb_bowl_s0_007_state,pb_bowl_s0_007_points128,35,10,20,test
0,pb_bowl_s0_008,E00,bowl_on_plate,438220595,pb_bowl_s0_008_state,pb_bowl_s0_008_points128,,0,20,test
0,pb_bowl_s0_008,E10,bowl_on_plate,438220595,pb_bowl_s0_008_state,pb_bowl_s0_008_points128,20,5,20,test
0,pb_bowl_s0_009,E00,bowl_on_plate,3345367047,pb_bowl_s0_009_state,pb_bowl_s0_009_points128,,0,20,test
0,pb_bowl_s0_009,E10,bowl_on_plate,3345367047,pb_bowl_s0_009_state,pb_bowl_s0_009_points128,25,10,20,test
0,pb_bowl_s0_010,E00,bowl_on_plate,3496342489,pb_bowl_s0_010_state,pb_bowl_s0_010_points128,,0,20,test
0,pb_bowl_s0_010,E10,bowl_on_plate,3496342489,pb_bowl_s0_010_state,pb_bowl_s0_010_points128,30,5,20,test
0,pb_bowl_s0_011,E00,bowl_on_plate,2711783408,pb_bowl_s0_011_state,pb_bowl_s0_011_points128,,0,20,test
0,pb_bowl_s0_011,E10,bowl_on_plate,2711783408,pb_bowl_s0_011_state,pb_bowl_s0_011_points128,35,10,20,test
0,pb_bowl_s0_012,E00,bowl_on_plate,3472464367,pb_bowl_s0_012_state,pb_bowl_s0_012_points128,,0,20,test
0,pb_bowl_s0_012,E10,bowl_on_plate,3472464367,pb_bowl_s0_012_state,pb_bowl_s0_012_points128,20,5,20,test
0,pb_bowl_s0_013,E00,bowl_on_plate,3494159725,pb_bowl_s0_013_state,pb_bowl_s0_013_points128,,0,20,test
0,pb_bowl_s0_013,E10,bowl_on_plate,3494159725,pb_bowl_s0_013_state,pb_bowl_s0_013_points128,25,10,20,test
0,pb_bowl_s0_014,E00,bowl_on_plate,2628039180,pb_bowl_s0_014_state,pb_bowl_s0_014_points128,,0,20,test
0,pb_bowl_s0_014,E10,bowl_on_plate,2628039180,pb_bowl_s0_014_state,pb_bowl_s0_014_points128,30,5,20,test
0,pb_bowl_s0_015,E00,bowl_on_plate,1519469606,pb_bowl_s0_015_state,pb_bowl_s0_015_points128,,0,20,test
0,pb_bowl_s0_015,E10,bowl_on_plate,1519469606,pb_bowl_s0_015_state,pb_bowl_s0_015_points128,35,10,20,test
0,pb_bowl_s0_016,E00,bowl_on_plate,2881352248,pb_bowl_s0_016_state,pb_bowl_s0_016_points128,,0,20,test
0,pb_bowl_s0_016,E10,bowl_on_plate,2881352248,pb_bowl_s0_016_state,pb_bowl_s0_016_points128,20,5,20,test
0,pb_bowl_s0_017,E00,bowl_on_plate,630365780,pb_bowl_s0_017_state,pb_bowl_s0_017_points128,,0,20,test
0,pb_bowl_s0_017,E10,bowl_on_plate,630365780,pb_bowl_s0_017_state,pb_bowl_s0_017_points128,25,10,20,test
0,pb_bowl_s0_018,E00,bowl_on_plate,3115803277,pb_bowl_s0_018_state,pb_bowl_s0_018_points128,,0,20,test
0,pb_bowl_s0_018,E10,bowl_on_plate,3115803277,pb_bowl_s0_018_state,pb_bowl_s0_018_points128,30,5,20,test
0,pb_bowl_s0_019,E00,bowl_on_plate,4018341492,pb_bowl_s0_019_state,pb_bowl_s0_019_points128,,0,20,test
0,pb_bowl_s0_019,E10,bowl_on_plate,4018341492,pb_bowl_s0_019_state,pb_bowl_s0_019_points128,35,10,20,test
0,pb_bowl_s0_020,E00,bowl_on_plate,1570469215,pb_bowl_s0_020_state,pb_bowl_s0_020_points128,,0,20,test
0,pb_bowl_s0_020,E10,bowl_on_plate,1570469215,pb_bowl_s0_020_state,pb_bowl_s0_020_points128,20,5,20,test
0,pb_bowl_s0_021,E00,bowl_on_plate,1843684524,pb_bowl_s0_021_state,pb_bowl_s0_021_points128,,0,20,test
0,pb_bowl_s0_021,E10,bowl_on_plate,1843684524,pb_bowl_s0_021_state,pb_bowl_s0_021_points128,25,10,20,test
0,pb_bowl_s0_022,E00,bowl_on_plate,2730452207,pb_bowl_s0_022_state,pb_bowl_s0_022_points128,,0,20,test
0,pb_bowl_s0_022,E10,bowl_on_plate,2730452207,pb_bowl_s0_022_state,pb_bowl_s0_022_points128,30,5,20,test
0,pb_bowl_s0_023,E00,bowl_on_plate,3144253711,pb_bowl_s0_023_state,pb_bowl_s0_023_points128,,0,20,test
0,pb_bowl_s0_023,E10,bowl_on_plate,3144253711,pb_bowl_s0_023_state,pb_bowl_s0_023_points128,35,10,20,test
0,pb_bowl_s0_024,E00,bowl_on_plate,3438864755,pb_bowl_s0_024_state,pb_bowl_s0_024_points128,,0,20,test
0,pb_bowl_s0_024,E10,bowl_on_plate,3438864755,pb_bowl_s0_024_state,pb_bowl_s0_024_points128,20,5,20,test
0,pb_bowl_s0_025,E00,bowl_on_plate,3936532480,pb_bowl_s0_025_state,pb_bowl_s0_025_points128,,0,20,test
0,pb_bowl_s0_025,E10,bowl_on_plate,3936532480,pb_bowl_s0_025_state,pb_bowl_s0_025_points128,25,10,20,test
0,pb_bowl_s0_026,E00,bowl_on_plate,3863650365,pb_bowl_s0_026_state,pb_bowl_s0_026_points128,,0,20,test
0,pb_bowl_s0_026,E10,bowl_on_plate,3863650365,pb_bowl_s0_026_state,pb_bowl_s0_026_points128,30,5,20,test
0,pb_bowl_s0_027,E00,bowl_on_plate,40852712,pb_bowl_s0_027_state,pb_bowl_s0_027_points128,,0,20,test
0,pb_bowl_s0_027,E10,bowl_on_plate,40852712,pb_bowl_s0_027_state,pb_bowl_s0_027_points128,35,10,20,test
0,pb_bowl_s0_028,E00,bowl_on_plate,3399767841,pb_bowl_s0_028_state,pb_bowl_s0_028_points128,,0,20,test
0,pb_bowl_s0_028,E10,bowl_on_plate,3399767841,pb_bowl_s0_028_state,pb_bowl_s0_028_points128,20,5,20,test
0,pb_bowl_s0_029,E00,bowl_on_plate,1399585338,pb_bowl_s0_029_state,pb_bowl_s0_029_points128,,0,20,test
0,pb_bowl_s0_029,E10,bowl_on_plate,1399585338,pb_bowl_s0_029_state,pb_bowl_s0_029_points128,25,10,20,test
0,pb_bowl_s0_030,E00,bowl_on_plate,2334784417,pb_bowl_s0_030_state,pb_bowl_s0_030_points128,,0,20,test
0,pb_bowl_s0_030,E10,bowl_on_plate,2334784417,pb_bowl_s0_030_state,pb_bowl_s0_030_points128,30,5,20,test
0,pb_bowl_s0_031,E00,bowl_on_plate,2161048191,pb_bowl_s0_031_state,pb_bowl_s0_031_points128,,0,20,test
0,pb_bowl_s0_031,E10,bowl_on_plate,2161048191,pb_bowl_s0_031_state,pb_bowl_s0_031_points128,35,10,20,test
0,pb_bowl_s0_032,E00,bowl_on_plate,4078806056,pb_bowl_s0_032_state,pb_bowl_s0_032_points128,,0,20,test
0,pb_bowl_s0_032,E10,bowl_on_plate,4078806056,pb_bowl_s0_032_state,pb_bowl_s0_032_points128,20,5,20,test
0,pb_bowl_s0_033,E00,bowl_on_plate,3879814463,pb_bowl_s0_033_state,pb_bowl_s0_033_points128,,0,20,test
0,pb_bowl_s0_033,E10,bowl_on_plate,3879814463,pb_bowl_s0_033_state,pb_bowl_s0_033_points128,25,10,20,test
0,pb_bowl_s0_034,E00,bowl_on_plate,303002785,pb_bowl_s0_034_state,pb_bowl_s0_034_points128,,0,20,test
0,pb_bowl_s0_034,E10,bowl_on_plate,303002785,pb_bowl_s0_034_state,pb_bowl_s0_034_points128,30,5,20,test
0,pb_bowl_s0_035,E00,bowl_on_plate,1075242427,pb_bowl_s0_035_state,pb_bowl_s0_035_points128,,0,20,test
0,pb_bowl_s0_035,E10,bowl_on_plate,1075242427,pb_bowl_s0_035_state,pb_bowl_s0_035_points128,35,10,20,test
0,pb_bowl_s0_036,E00,bowl_on_plate,2168154445,pb_bowl_s0_036_state,pb_bowl_s0_036_points128,,0,20,test
0,pb_bowl_s0_036,E10,bowl_on_plate,2168154445,pb_bowl_s0_036_state,pb_bowl_s0_036_points128,20,5,20,test
0,pb_bowl_s0_037,E00,bowl_on_plate,1647785074,pb_bowl_s0_037_state,pb_bowl_s0_037_points128,,0,20,test
0,pb_bowl_s0_037,E10,bowl_on_plate,1647785074,pb_bowl_s0_037_state,pb_bowl_s0_037_points128,25,10,20,test
0,pb_bowl_s0_038,E00,bowl_on_plate,610381209,pb_bowl_s0_038_state,pb_bowl_s0_038_points128,,0,20,test
0,pb_bowl_s0_038,E10,bowl_on_plate,610381209,pb_bowl_s0_038_state,pb_bowl_s0_038_points128,30,5,20,test
0,pb_bowl_s0_039,E00,bowl_on_plate,3856782694,pb_bowl_s0_039_state,pb_bowl_s0_039_points128,,0,20,test
0,pb_bowl_s0_039,E10,bowl_on_plate,3856782694,pb_bowl_s0_039_state,pb_bowl_s0_039_points128,35,10,20,test
0,pb_bowl_s0_040,E00,bowl_on_plate,932696293,pb_bowl_s0_040_state,pb_bowl_s0_040_points128,,0,20,test
0,pb_bowl_s0_040,E10,bowl_on_plate,932696293,pb_bowl_s0_040_state,pb_bowl_s0_040_points128,20,5,20,test
0,pb_bowl_s0_041,E00,bowl_on_plate,1476694404,pb_bowl_s0_041_state,pb_bowl_s0_041_points128,,0,20,test
0,pb_bowl_s0_041,E10,bowl_on_plate,1476694404,pb_bowl_s0_041_state,pb_bowl_s0_041_points128,25,10,20,test
0,pb_bowl_s0_042,E00,bowl_on_plate,3991399547,pb_bowl_s0_042_state,pb_bowl_s0_042_points128,,0,20,test
0,pb_bowl_s0_042,E10,bowl_on_plate,3991399547,pb_bowl_s0_042_state,pb_bowl_s0_042_points128,30,5,20,test
0,pb_bowl_s0_043,E00,bowl_on_plate,3834857733,pb_bowl_s0_043_state,pb_bowl_s0_043_points128,,0,20,test
0,pb_bowl_s0_043,E10,bowl_on_plate,3834857733,pb_bowl_s0_043_state,pb_bowl_s0_043_points128,35,10,20,test
0,pb_bowl_s0_044,E00,bowl_on_plate,2766654250,pb_bowl_s0_044_state,pb_bowl_s0_044_points128,,0,20,test
0,pb_bowl_s0_044,E10,bowl_on_plate,2766654250,pb_bowl_s0_044_state,pb_bowl_s0_044_points128,20,5,20,test
0,pb_bowl_s0_045,E00,bowl_on_plate,261872410,pb_bowl_s0_045_state,pb_bowl_s0_045_points128,,0,20,test
0,pb_bowl_s0_045,E10,bowl_on_plate,261872410,pb_bowl_s0_045_state,pb_bowl_s0_045_points128,25,10,20,test
0,pb_bowl_s0_046,E00,bowl_on_plate,3268277511,pb_bowl_s0_046_state,pb_bowl_s0_046_points128,,0,20,test
0,pb_bowl_s0_046,E10,bowl_on_plate,3268277511,pb_bowl_s0_046_state,pb_bowl_s0_046_points128,30,5,20,test
0,pb_bowl_s0_047,E00,bowl_on_plate,221413056,pb_bowl_s0_047_state,pb_bowl_s0_047_points128,,0,20,test
0,pb_bowl_s0_047,E10,bowl_on_plate,221413056,pb_bowl_s0_047_state,pb_bowl_s0_047_points128,35,10,20,test
0,pb_bowl_s0_048,E00,bowl_on_plate,1229597970,pb_bowl_s0_048_state,pb_bowl_s0_048_points128,,0,20,test
0,pb_bowl_s0_048,E10,bowl_on_plate,1229597970,pb_bowl_s0_048_state,pb_bowl_s0_048_points128,20,5,20,test
0,pb_bowl_s0_049,E00,bowl_on_plate,1510498778,pb_bowl_s0_049_state,pb_bowl_s0_049_points128,,0,20,test
0,pb_bowl_s0_049,E10,bowl_on_plate,1510498778,pb_bowl_s0_049_state,pb_bowl_s0_049_points128,25,10,20,test
1,pb_bowl_s1_000,E00,bowl_on_plate,3973721726,pb_bowl_s1_000_state,pb_bowl_s1_000_points128,,0,20,test
1,pb_bowl_s1_000,E10,bowl_on_plate,3973721726,pb_bowl_s1_000_state,pb_bowl_s1_000_points128,20,5,20,test
1,pb_bowl_s1_001,E00,bowl_on_plate,3570219635,pb_bowl_s1_001_state,pb_bowl_s1_001_points128,,0,20,test
1,pb_bowl_s1_001,E10,bowl_on_plate,3570219635,pb_bowl_s1_001_state,pb_bowl_s1_001_points128,25,10,20,test
1,pb_bowl_s1_002,E00,bowl_on_plate,1605712262,pb_bowl_s1_002_state,pb_bowl_s1_002_points128,,0,20,test
1,pb_bowl_s1_002,E10,bowl_on_plate,1605712262,pb_bowl_s1_002_state,pb_bowl_s1_002_points128,30,5,20,test
1,pb_bowl_s1_003,E00,bowl_on_plate,1284261184,pb_bowl_s1_003_state,pb_bowl_s1_003_points128,,0,20,test
1,pb_bowl_s1_003,E10,bowl_on_plate,1284261184,pb_bowl_s1_003_state,pb_bowl_s1_003_points128,35,10,20,test
1,pb_bowl_s1_004,E00,bowl_on_plate,1303877660,pb_bowl_s1_004_state,pb_bowl_s1_004_points128,,0,20,test
1,pb_bowl_s1_004,E10,bowl_on_plate,1303877660,pb_bowl_s1_004_state,pb_bowl_s1_004_points128,20,5,20,test
1,pb_bowl_s1_005,E00,bowl_on_plate,2186146589,pb_bowl_s1_005_state,pb_bowl_s1_005_points128,,0,20,test
1,pb_bowl_s1_005,E10,bowl_on_plate,2186146589,pb_bowl_s1_005_state,pb_bowl_s1_005_points128,25,10,20,test
1,pb_bowl_s1_006,E00,bowl_on_plate,1069189097,pb_bowl_s1_006_state,pb_bowl_s1_006_points128,,0,20,test
1,pb_bowl_s1_006,E10,bowl_on_plate,1069189097,pb_bowl_s1_006_state,pb_bowl_s1_006_points128,30,5,20,test
1,pb_bowl_s1_007,E00,bowl_on_plate,1400882446,pb_bowl_s1_007_state,pb_bowl_s1_007_points128,,0,20,test
1,pb_bowl_s1_007,E10,bowl_on_plate,1400882446,pb_bowl_s1_007_state,pb_bowl_s1_007_points128,35,10,20,test
1,pb_bowl_s1_008,E00,bowl_on_plate,2352078899,pb_bowl_s1_008_state,pb_bowl_s1_008_points128,,0,20,test
1,pb_bowl_s1_008,E10,bowl_on_plate,2352078899,pb_bowl_s1_008_state,pb_bowl_s1_008_points128,20,5,20,test
1,pb_bowl_s1_009,E00,bowl_on_plate,4279328314,pb_bowl_s1_009_state,pb_bowl_s1_009_points128,,0,20,test
1,pb_bowl_s1_009,E10,bowl_on_plate,4279328314,pb_bowl_s1_009_state,pb_bowl_s1_009_points128,25,10,20,test
1,pb_bowl_s1_010,E00,bowl_on_plate,2629664689,pb_bowl_s1_010_state,pb_bowl_s1_010_points128,,0,20,test
1,pb_bowl_s1_010,E10,bowl_on_plate,2629664689,pb_bowl_s1_010_state,pb_bowl_s1_010_points128,30,5,20,test
1,pb_bowl_s1_011,E00,bowl_on_plate,2857391144,pb_bowl_s1_011_state,pb_bowl_s1_011_points128,,0,20,test
1,pb_bowl_s1_011,E10,bowl_on_plate,2857391144,pb_bowl_s1_011_state,pb_bowl_s1_011_points128,35,10,20,test
1,pb_bowl_s1_012,E00,bowl_on_plate,2665234463,pb_bowl_s1_012_state,pb_bowl_s1_012_points128,,0,20,test
1,pb_bowl_s1_012,E10,bowl_on_plate,2665234463,pb_bowl_s1_012_state,pb_bowl_s1_012_points128,20,5,20,test
1,pb_bowl_s1_013,E00,bowl_on_plate,354742062,pb_bowl_s1_013_state,pb_bowl_s1_013_points128,,0,20,test
1,pb_bowl_s1_013,E10,bowl_on_plate,354742062,pb_bowl_s1_013_state,pb_bowl_s1_013_points128,25,10,20,test
1,pb_bowl_s1_014,E00,bowl_on_plate,3709443532,pb_bowl_s1_014_state,pb_bowl_s1_014_points128,,0,20,test
1,pb_bowl_s1_014,E10,bowl_on_plate,3709443532,pb_bowl_s1_014_state,pb_bowl_s1_014_points128,30,5,20,test
1,pb_bowl_s1_015,E00,bowl_on_plate,4242348611,pb_bowl_s1_015_state,pb_bowl_s1_015_points128,,0,20,test
1,pb_bowl_s1_015,E10,bowl_on_plate,4242348611,pb_bowl_s1_015_state,pb_bowl_s1_015_points128,35,10,20,test
1,pb_bowl_s1_016,E00,bowl_on_plate,918541905,pb_bowl_s1_016_state,pb_bowl_s1_016_points128,,0,20,test
1,pb_bowl_s1_016,E10,bowl_on_plate,918541905,pb_bowl_s1_016_state,pb_bowl_s1_016_points128,20,5,20,test
1,pb_bowl_s1_017,E00,bowl_on_plate,3729467782,pb_bowl_s1_017_state,pb_bowl_s1_017_points128,,0,20,test
1,pb_bowl_s1_017,E10,bowl_on_plate,3729467782,pb_bowl_s1_017_state,pb_bowl_s1_017_points128,25,10,20,test
1,pb_bowl_s1_018,E00,bowl_on_plate,565385375,pb_bowl_s1_018_state,pb_bowl_s1_018_points128,,0,20,test
1,pb_bowl_s1_018,E10,bowl_on_plate,565385375,pb_bowl_s1_018_state,pb_bowl_s1_018_points128,30,5,20,test
1,pb_bowl_s1_019,E00,bowl_on_plate,894432714,pb_bowl_s1_019_state,pb_bowl_s1_019_points128,,0,20,test
1,pb_bowl_s1_019,E10,bowl_on_plate,894432714,pb_bowl_s1_019_state,pb_bowl_s1_019_points128,35,10,20,test
1,pb_bowl_s1_020,E00,bowl_on_plate,4237359806,pb_bowl_s1_020_state,pb_bowl_s1_020_points128,,0,20,test
1,pb_bowl_s1_020,E10,bowl_on_plate,4237359806,pb_bowl_s1_020_state,pb_bowl_s1_020_points128,20,5,20,test
1,pb_bowl_s1_021,E00,bowl_on_plate,4081058346,pb_bowl_s1_021_state,pb_bowl_s1_021_points128,,0,20,test
1,pb_bowl_s1_021,E10,bowl_on_plate,4081058346,pb_bowl_s1_021_state,pb_bowl_s1_021_points128,25,10,20,test
1,pb_bowl_s1_022,E00,bowl_on_plate,3680227033,pb_bowl_s1_022_state,pb_bowl_s1_022_points128,,0,20,test
1,pb_bowl_s1_022,E10,bowl_on_plate,3680227033,pb_bowl_s1_022_state,pb_bowl_s1_022_points128,30,5,20,test
1,pb_bowl_s1_023,E00,bowl_on_plate,4009532828,pb_bowl_s1_023_state,pb_bowl_s1_023_points128,,0,20,test
1,pb_bowl_s1_023,E10,bowl_on_plate,4009532828,pb_bowl_s1_023_state,pb_bowl_s1_023_points128,35,10,20,test
1,pb_bowl_s1_024,E00,bowl_on_plate,133844067,pb_bowl_s1_024_state,pb_bowl_s1_024_points128,,0,20,test
1,pb_bowl_s1_024,E10,bowl_on_plate,133844067,pb_bowl_s1_024_state,pb_bowl_s1_024_points128,20,5,20,test
1,pb_bowl_s1_025,E00,bowl_on_plate,2904521358,pb_bowl_s1_025_state,pb_bowl_s1_025_points128,,0,20,test
1,pb_bowl_s1_025,E10,bowl_on_plate,2904521358,pb_bowl_s1_025_state,pb_bowl_s1_025_points128,25,10,20,test
1,pb_bowl_s1_026,E00,bowl_on_plate,2783143255,pb_bowl_s1_026_state,pb_bowl_s1_026_points128,,0,20,test
1,pb_bowl_s1_026,E10,bowl_on_plate,2783143255,pb_bowl_s1_026_state,pb_bowl_s1_026_points128,30,5,20,test
1,pb_bowl_s1_027,E00,bowl_on_plate,1421366250,pb_bowl_s1_027_state,pb_bowl_s1_027_points128,,0,20,test
1,pb_bowl_s1_027,E10,bowl_on_plate,1421366250,pb_bowl_s1_027_state,pb_bowl_s1_027_points128,35,10,20,test
1,pb_bowl_s1_028,E00,bowl_on_plate,3897644230,pb_bowl_s1_028_state,pb_bowl_s1_028_points128,,0,20,test
1,pb_bowl_s1_028,E10,bowl_on_plate,3897644230,pb_bowl_s1_028_state,pb_bowl_s1_028_points128,20,5,20,test
1,pb_bowl_s1_029,E00,bowl_on_plate,820858328,pb_bowl_s1_029_state,pb_bowl_s1_029_points128,,0,20,test
1,pb_bowl_s1_029,E10,bowl_on_plate,820858328,pb_bowl_s1_029_state,pb_bowl_s1_029_points128,25,10,20,test
1,pb_bowl_s1_030,E00,bowl_on_plate,2989817019,pb_bowl_s1_030_state,pb_bowl_s1_030_points128,,0,20,test
1,pb_bowl_s1_030,E10,bowl_on_plate,2989817019,pb_bowl_s1_030_state,pb_bowl_s1_030_points128,30,5,20,test
1,pb_bowl_s1_031,E00,bowl_on_plate,1381272765,pb_bowl_s1_031_state,pb_bowl_s1_031_points128,,0,20,test
1,pb_bowl_s1_031,E10,bowl_on_plate,1381272765,pb_bowl_s1_031_state,pb_bowl_s1_031_points128,35,10,20,test
1,pb_bowl_s1_032,E00,bowl_on_plate,1980318859,pb_bowl_s1_032_state,pb_bowl_s1_032_points128,,0,20,test
1,pb_bowl_s1_032,E10,bowl_on_plate,1980318859,pb_bowl_s1_032_state,pb_bowl_s1_032_points128,20,5,20,test
1,pb_bowl_s1_033,E00,bowl_on_plate,1158878122,pb_bowl_s1_033_state,pb_bowl_s1_033_points128,,0,20,test
1,pb_bowl_s1_033,E10,bowl_on_plate,1158878122,pb_bowl_s1_033_state,pb_bowl_s1_033_points128,25,10,20,test
1,pb_bowl_s1_034,E00,bowl_on_plate,2210160390,pb_bowl_s1_034_state,pb_bowl_s1_034_points128,,0,20,test
1,pb_bowl_s1_034,E10,bowl_on_plate,2210160390,pb_bowl_s1_034_state,pb_bowl_s1_034_points128,30,5,20,test
1,pb_bowl_s1_035,E00,bowl_on_plate,1263593356,pb_bowl_s1_035_state,pb_bowl_s1_035_points128,,0,20,test
1,pb_bowl_s1_035,E10,bowl_on_plate,1263593356,pb_bowl_s1_035_state,pb_bowl_s1_035_points128,35,10,20,test
1,pb_bowl_s1_036,E00,bowl_on_plate,1029916585,pb_bowl_s1_036_state,pb_bowl_s1_036_points128,,0,20,test
1,pb_bowl_s1_036,E10,bowl_on_plate,1029916585,pb_bowl_s1_036_state,pb_bowl_s1_036_points128,20,5,20,test
1,pb_bowl_s1_037,E00,bowl_on_plate,1065356768,pb_bowl_s1_037_state,pb_bowl_s1_037_points128,,0,20,test
1,pb_bowl_s1_037,E10,bowl_on_plate,1065356768,pb_bowl_s1_037_state,pb_bowl_s1_037_points128,25,10,20,test
1,pb_bowl_s1_038,E00,bowl_on_plate,3561847745,pb_bowl_s1_038_state,pb_bowl_s1_038_points128,,0,20,test
1,pb_bowl_s1_038,E10,bowl_on_plate,3561847745,pb_bowl_s1_038_state,pb_bowl_s1_038_points128,30,5,20,test
1,pb_bowl_s1_039,E00,bowl_on_plate,3905697170,pb_bowl_s1_039_state,pb_bowl_s1_039_points128,,0,20,test
1,pb_bowl_s1_039,E10,bowl_on_plate,3905697170,pb_bowl_s1_039_state,pb_bowl_s1_039_points128,35,10,20,test
1,pb_bowl_s1_040,E00,bowl_on_plate,648739487,pb_bowl_s1_040_state,pb_bowl_s1_040_points128,,0,20,test
1,pb_bowl_s1_040,E10,bowl_on_plate,648739487,pb_bowl_s1_040_state,pb_bowl_s1_040_points128,20,5,20,test
1,pb_bowl_s1_041,E00,bowl_on_plate,1563944283,pb_bowl_s1_041_state,pb_bowl_s1_041_points128,,0,20,test
1,pb_bowl_s1_041,E10,bowl_on_plate,1563944283,pb_bowl_s1_041_state,pb_bowl_s1_041_points128,25,10,20,test
1,pb_bowl_s1_042,E00,bowl_on_plate,3861773307,pb_bowl_s1_042_state,pb_bowl_s1_042_points128,,0,20,test
1,pb_bowl_s1_042,E10,bowl_on_plate,3861773307,pb_bowl_s1_042_state,pb_bowl_s1_042_points128,30,5,20,test
1,pb_bowl_s1_043,E00,bowl_on_plate,2726506891,pb_bowl_s1_043_state,pb_bowl_s1_043_points128,,0,20,test
1,pb_bowl_s1_043,E10,bowl_on_plate,2726506891,pb_bowl_s1_043_state,pb_bowl_s1_043_points128,35,10,20,test
1,pb_bowl_s1_044,E00,bowl_on_plate,680329153,pb_bowl_s1_044_state,pb_bowl_s1_044_points128,,0,20,test
1,pb_bowl_s1_044,E10,bowl_on_plate,680329153,pb_bowl_s1_044_state,pb_bowl_s1_044_points128,20,5,20,test
1,pb_bowl_s1_045,E00,bowl_on_plate,1288097992,pb_bowl_s1_045_state,pb_bowl_s1_045_points128,,0,20,test
1,pb_bowl_s1_045,E10,bowl_on_plate,1288097992,pb_bowl_s1_045_state,pb_bowl_s1_045_points128,25,10,20,test
1,pb_bowl_s1_046,E00,bowl_on_plate,3645476384,pb_bowl_s1_046_state,pb_bowl_s1_046_points128,,0,20,test
1,pb_bowl_s1_046,E10,bowl_on_plate,3645476384,pb_bowl_s1_046_state,pb_bowl_s1_046_points128,30,5,20,test
1,pb_bowl_s1_047,E00,bowl_on_plate,2261269989,pb_bowl_s1_047_state,pb_bowl_s1_047_points128,,0,20,test
1,pb_bowl_s1_047,E10,bowl_on_plate,2261269989,pb_bowl_s1_047_state,pb_bowl_s1_047_points128,35,10,20,test
1,pb_bowl_s1_048,E00,bowl_on_plate,3003652462,pb_bowl_s1_048_state,pb_bowl_s1_048_points128,,0,20,test
1,pb_bowl_s1_048,E10,bowl_on_plate,3003652462,pb_bowl_s1_048_state,pb_bowl_s1_048_points128,20,5,20,test
1,pb_bowl_s1_049,E00,bowl_on_plate,1572323898,pb_bowl_s1_049_state,pb_bowl_s1_049_points128,,0,20,test
1,pb_bowl_s1_049,E10,bowl_on_plate,1572323898,pb_bowl_s1_049_state,pb_bowl_s1_049_points128,25,10,20,test
2,pb_bowl_s2_000,E00,bowl_on_plate,2387788713,pb_bowl_s2_000_state,pb_bowl_s2_000_points128,,0,20,test
2,pb_bowl_s2_000,E10,bowl_on_plate,2387788713,pb_bowl_s2_000_state,pb_bowl_s2_000_points128,20,5,20,test
2,pb_bowl_s2_001,E00,bowl_on_plate,3433290215,pb_bowl_s2_001_state,pb_bowl_s2_001_points128,,0,20,test
2,pb_bowl_s2_001,E10,bowl_on_plate,3433290215,pb_bowl_s2_001_state,pb_bowl_s2_001_points128,25,10,20,test
2,pb_bowl_s2_002,E00,bowl_on_plate,1422372129,pb_bowl_s2_002_state,pb_bowl_s2_002_points128,,0,20,test
2,pb_bowl_s2_002,E10,bowl_on_plate,1422372129,pb_bowl_s2_002_state,pb_bowl_s2_002_points128,30,5,20,test
2,pb_bowl_s2_003,E00,bowl_on_plate,2382148218,pb_bowl_s2_003_state,pb_bowl_s2_003_points128,,0,20,test
2,pb_bowl_s2_003,E10,bowl_on_plate,2382148218,pb_bowl_s2_003_state,pb_bowl_s2_003_points128,35,10,20,test
2,pb_bowl_s2_004,E00,bowl_on_plate,3718814523,pb_bowl_s2_004_state,pb_bowl_s2_004_points128,,0,20,test
2,pb_bowl_s2_004,E10,bowl_on_plate,3718814523,pb_bowl_s2_004_state,pb_bowl_s2_004_points128,20,5,20,test
2,pb_bowl_s2_005,E00,bowl_on_plate,865422680,pb_bowl_s2_005_state,pb_bowl_s2_005_points128,,0,20,test
2,pb_bowl_s2_005,E10,bowl_on_plate,865422680,pb_bowl_s2_005_state,pb_bowl_s2_005_points128,25,10,20,test
2,pb_bowl_s2_006,E00,bowl_on_plate,903236085,pb_bowl_s2_006_state,pb_bowl_s2_006_points128,,0,20,test
2,pb_bowl_s2_006,E10,bowl_on_plate,903236085,pb_bowl_s2_006_state,pb_bowl_s2_006_points128,30,5,20,test
2,pb_bowl_s2_007,E00,bowl_on_plate,1369950908,pb_bowl_s2_007_state,pb_bowl_s2_007_points128,,0,20,test
2,pb_bowl_s2_007,E10,bowl_on_plate,1369950908,pb_bowl_s2_007_state,pb_bowl_s2_007_points128,35,10,20,test
2,pb_bowl_s2_008,E00,bowl_on_plate,39981826,pb_bowl_s2_008_state,pb_bowl_s2_008_points128,,0,20,test
2,pb_bowl_s2_008,E10,bowl_on_plate,39981826,pb_bowl_s2_008_state,pb_bowl_s2_008_points128,20,5,20,test
2,pb_bowl_s2_009,E00,bowl_on_plate,3484242333,pb_bowl_s2_009_state,pb_bowl_s2_009_points128,,0,20,test
2,pb_bowl_s2_009,E10,bowl_on_plate,3484242333,pb_bowl_s2_009_state,pb_bowl_s2_009_points128,25,10,20,test
2,pb_bowl_s2_010,E00,bowl_on_plate,4014472081,pb_bowl_s2_010_state,pb_bowl_s2_010_points128,,0,20,test
2,pb_bowl_s2_010,E10,bowl_on_plate,4014472081,pb_bowl_s2_010_state,pb_bowl_s2_010_points128,30,5,20,test
2,pb_bowl_s2_011,E00,bowl_on_plate,1389952086,pb_bowl_s2_011_state,pb_bowl_s2_011_points128,,0,20,test
2,pb_bowl_s2_011,E10,bowl_on_plate,1389952086,pb_bowl_s2_011_state,pb_bowl_s2_011_points128,35,10,20,test
2,pb_bowl_s2_012,E00,bowl_on_plate,3802125479,pb_bowl_s2_012_state,pb_bowl_s2_012_points128,,0,20,test
2,pb_bowl_s2_012,E10,bowl_on_plate,3802125479,pb_bowl_s2_012_state,pb_bowl_s2_012_points128,20,5,20,test
2,pb_bowl_s2_013,E00,bowl_on_plate,403139035,pb_bowl_s2_013_state,pb_bowl_s2_013_points128,,0,20,test
2,pb_bowl_s2_013,E10,bowl_on_plate,403139035,pb_bowl_s2_013_state,pb_bowl_s2_013_points128,25,10,20,test
2,pb_bowl_s2_014,E00,bowl_on_plate,4010946951,pb_bowl_s2_014_state,pb_bowl_s2_014_points128,,0,20,test
2,pb_bowl_s2_014,E10,bowl_on_plate,4010946951,pb_bowl_s2_014_state,pb_bowl_s2_014_points128,30,5,20,test
2,pb_bowl_s2_015,E00,bowl_on_plate,3578901957,pb_bowl_s2_015_state,pb_bowl_s2_015_points128,,0,20,test
2,pb_bowl_s2_015,E10,bowl_on_plate,3578901957,pb_bowl_s2_015_state,pb_bowl_s2_015_points128,35,10,20,test
2,pb_bowl_s2_016,E00,bowl_on_plate,2780677952,pb_bowl_s2_016_state,pb_bowl_s2_016_points128,,0,20,test
2,pb_bowl_s2_016,E10,bowl_on_plate,2780677952,pb_bowl_s2_016_state,pb_bowl_s2_016_points128,20,5,20,test
2,pb_bowl_s2_017,E00,bowl_on_plate,1733705912,pb_bowl_s2_017_state,pb_bowl_s2_017_points128,,0,20,test
2,pb_bowl_s2_017,E10,bowl_on_plate,1733705912,pb_bowl_s2_017_state,pb_bowl_s2_017_points128,25,10,20,test
2,pb_bowl_s2_018,E00,bowl_on_plate,2089959872,pb_bowl_s2_018_state,pb_bowl_s2_018_points128,,0,20,test
2,pb_bowl_s2_018,E10,bowl_on_plate,2089959872,pb_bowl_s2_018_state,pb_bowl_s2_018_points128,30,5,20,test
2,pb_bowl_s2_019,E00,bowl_on_plate,2136116591,pb_bowl_s2_019_state,pb_bowl_s2_019_points128,,0,20,test
2,pb_bowl_s2_019,E10,bowl_on_plate,2136116591,pb_bowl_s2_019_state,pb_bowl_s2_019_points128,35,10,20,test
2,pb_bowl_s2_020,E00,bowl_on_plate,1660552638,pb_bowl_s2_020_state,pb_bowl_s2_020_points128,,0,20,test
2,pb_bowl_s2_020,E10,bowl_on_plate,1660552638,pb_bowl_s2_020_state,pb_bowl_s2_020_points128,20,5,20,test
2,pb_bowl_s2_021,E00,bowl_on_plate,989431946,pb_bowl_s2_021_state,pb_bowl_s2_021_points128,,0,20,test
2,pb_bowl_s2_021,E10,bowl_on_plate,989431946,pb_bowl_s2_021_state,pb_bowl_s2_021_points128,25,10,20,test
2,pb_bowl_s2_022,E00,bowl_on_plate,1421429937,pb_bowl_s2_022_state,pb_bowl_s2_022_points128,,0,20,test
2,pb_bowl_s2_022,E10,bowl_on_plate,1421429937,pb_bowl_s2_022_state,pb_bowl_s2_022_points128,30,5,20,test
2,pb_bowl_s2_023,E00,bowl_on_plate,4264098141,pb_bowl_s2_023_state,pb_bowl_s2_023_points128,,0,20,test
2,pb_bowl_s2_023,E10,bowl_on_plate,4264098141,pb_bowl_s2_023_state,pb_bowl_s2_023_points128,35,10,20,test
2,pb_bowl_s2_024,E00,bowl_on_plate,2733780158,pb_bowl_s2_024_state,pb_bowl_s2_024_points128,,0,20,test
2,pb_bowl_s2_024,E10,bowl_on_plate,2733780158,pb_bowl_s2_024_state,pb_bowl_s2_024_points128,20,5,20,test
2,pb_bowl_s2_025,E00,bowl_on_plate,3525535021,pb_bowl_s2_025_state,pb_bowl_s2_025_points128,,0,20,test
2,pb_bowl_s2_025,E10,bowl_on_plate,3525535021,pb_bowl_s2_025_state,pb_bowl_s2_025_points128,25,10,20,test
2,pb_bowl_s2_026,E00,bowl_on_plate,3005895562,pb_bowl_s2_026_state,pb_bowl_s2_026_points128,,0,20,test
2,pb_bowl_s2_026,E10,bowl_on_plate,3005895562,pb_bowl_s2_026_state,pb_bowl_s2_026_points128,30,5,20,test
2,pb_bowl_s2_027,E00,bowl_on_plate,4169200129,pb_bowl_s2_027_state,pb_bowl_s2_027_points128,,0,20,test
2,pb_bowl_s2_027,E10,bowl_on_plate,4169200129,pb_bowl_s2_027_state,pb_bowl_s2_027_points128,35,10,20,test
2,pb_bowl_s2_028,E00,bowl_on_plate,1777534497,pb_bowl_s2_028_state,pb_bowl_s2_028_points128,,0,20,test
2,pb_bowl_s2_028,E10,bowl_on_plate,1777534497,pb_bowl_s2_028_state,pb_bowl_s2_028_points128,20,5,20,test
2,pb_bowl_s2_029,E00,bowl_on_plate,4195666296,pb_bowl_s2_029_state,pb_bowl_s2_029_points128,,0,20,test
2,pb_bowl_s2_029,E10,bowl_on_plate,4195666296,pb_bowl_s2_029_state,pb_bowl_s2_029_points128,25,10,20,test
2,pb_bowl_s2_030,E00,bowl_on_plate,1541773606,pb_bowl_s2_030_state,pb_bowl_s2_030_points128,,0,20,test
2,pb_bowl_s2_030,E10,bowl_on_plate,1541773606,pb_bowl_s2_030_state,pb_bowl_s2_030_points128,30,5,20,test
2,pb_bowl_s2_031,E00,bowl_on_plate,528303903,pb_bowl_s2_031_state,pb_bowl_s2_031_points128,,0,20,test
2,pb_bowl_s2_031,E10,bowl_on_plate,528303903,pb_bowl_s2_031_state,pb_bowl_s2_031_points128,35,10,20,test
2,pb_bowl_s2_032,E00,bowl_on_plate,2991227108,pb_bowl_s2_032_state,pb_bowl_s2_032_points128,,0,20,test
2,pb_bowl_s2_032,E10,bowl_on_plate,2991227108,pb_bowl_s2_032_state,pb_bowl_s2_032_points128,20,5,20,test
2,pb_bowl_s2_033,E00,bowl_on_plate,1091336050,pb_bowl_s2_033_state,pb_bowl_s2_033_points128,,0,20,test
2,pb_bowl_s2_033,E10,bowl_on_plate,1091336050,pb_bowl_s2_033_state,pb_bowl_s2_033_points128,25,10,20,test
2,pb_bowl_s2_034,E00,bowl_on_plate,91379267,pb_bowl_s2_034_state,pb_bowl_s2_034_points128,,0,20,test
2,pb_bowl_s2_034,E10,bowl_on_plate,91379267,pb_bowl_s2_034_state,pb_bowl_s2_034_points128,30,5,20,test
2,pb_bowl_s2_035,E00,bowl_on_plate,671014302,pb_bowl_s2_035_state,pb_bowl_s2_035_points128,,0,20,test
2,pb_bowl_s2_035,E10,bowl_on_plate,671014302,pb_bowl_s2_035_state,pb_bowl_s2_035_points128,35,10,20,test
2,pb_bowl_s2_036,E00,bowl_on_plate,1480352834,pb_bowl_s2_036_state,pb_bowl_s2_036_points128,,0,20,test
2,pb_bowl_s2_036,E10,bowl_on_plate,1480352834,pb_bowl_s2_036_state,pb_bowl_s2_036_points128,20,5,20,test
2,pb_bowl_s2_037,E00,bowl_on_plate,551660051,pb_bowl_s2_037_state,pb_bowl_s2_037_points128,,0,20,test
2,pb_bowl_s2_037,E10,bowl_on_plate,551660051,pb_bowl_s2_037_state,pb_bowl_s2_037_points128,25,10,20,test
2,pb_bowl_s2_038,E00,bowl_on_plate,2621545562,pb_bowl_s2_038_state,pb_bowl_s2_038_points128,,0,20,test
2,pb_bowl_s2_038,E10,bowl_on_plate,2621545562,pb_bowl_s2_038_state,pb_bowl_s2_038_points128,30,5,20,test
2,pb_bowl_s2_039,E00,bowl_on_plate,3647335702,pb_bowl_s2_039_state,pb_bowl_s2_039_points128,,0,20,test
2,pb_bowl_s2_039,E10,bowl_on_plate,3647335702,pb_bowl_s2_039_state,pb_bowl_s2_039_points128,35,10,20,test
2,pb_bowl_s2_040,E00,bowl_on_plate,248410066,pb_bowl_s2_040_state,pb_bowl_s2_040_points128,,0,20,test
2,pb_bowl_s2_040,E10,bowl_on_plate,248410066,pb_bowl_s2_040_state,pb_bowl_s2_040_points128,20,5,20,test
2,pb_bowl_s2_041,E00,bowl_on_plate,2604497432,pb_bowl_s2_041_state,pb_bowl_s2_041_points128,,0,20,test
2,pb_bowl_s2_041,E10,bowl_on_plate,2604497432,pb_bowl_s2_041_state,pb_bowl_s2_041_points128,25,10,20,test
2,pb_bowl_s2_042,E00,bowl_on_plate,2280418378,pb_bowl_s2_042_state,pb_bowl_s2_042_points128,,0,20,test
2,pb_bowl_s2_042,E10,bowl_on_plate,2280418378,pb_bowl_s2_042_state,pb_bowl_s2_042_points128,30,5,20,test
2,pb_bowl_s2_043,E00,bowl_on_plate,1878571516,pb_bowl_s2_043_state,pb_bowl_s2_043_points128,,0,20,test
2,pb_bowl_s2_043,E10,bowl_on_plate,1878571516,pb_bowl_s2_043_state,pb_bowl_s2_043_points128,35,10,20,test
2,pb_bowl_s2_044,E00,bowl_on_plate,272111241,pb_bowl_s2_044_state,pb_bowl_s2_044_points128,,0,20,test
2,pb_bowl_s2_044,E10,bowl_on_plate,272111241,pb_bowl_s2_044_state,pb_bowl_s2_044_points128,20,5,20,test
2,pb_bowl_s2_045,E00,bowl_on_plate,197845859,pb_bowl_s2_045_state,pb_bowl_s2_045_points128,,0,20,test
2,pb_bowl_s2_045,E10,bowl_on_plate,197845859,pb_bowl_s2_045_state,pb_bowl_s2_045_points128,25,10,20,test
2,pb_bowl_s2_046,E00,bowl_on_plate,2347200000,pb_bowl_s2_046_state,pb_bowl_s2_046_points128,,0,20,test
2,pb_bowl_s2_046,E10,bowl_on_plate,2347200000,pb_bowl_s2_046_state,pb_bowl_s2_046_points128,30,5,20,test
2,pb_bowl_s2_047,E00,bowl_on_plate,2104737360,pb_bowl_s2_047_state,pb_bowl_s2_047_points128,,0,20,test
2,pb_bowl_s2_047,E10,bowl_on_plate,2104737360,pb_bowl_s2_047_state,pb_bowl_s2_047_points128,35,10,20,test
2,pb_bowl_s2_048,E00,bowl_on_plate,1097382603,pb_bowl_s2_048_state,pb_bowl_s2_048_points128,,0,20,test
2,pb_bowl_s2_048,E10,bowl_on_plate,1097382603,pb_bowl_s2_048_state,pb_bowl_s2_048_points128,20,5,20,test
2,pb_bowl_s2_049,E00,bowl_on_plate,551477532,pb_bowl_s2_049_state,pb_bowl_s2_049_points128,,0,20,test
2,pb_bowl_s2_049,E10,bowl_on_plate,551477532,pb_bowl_s2_049_state,pb_bowl_s2_049_points128,25,10,20,test
